,0
0,0a0dd4331be0f2ae9c9ebf81c99fe2b739c4655b.png
1,0a08c4fb3ad11430d174cef3633b146b5d122923.png
2,0a7fc9b6e39fa51a52eecd7cbf766f56283702ad.png
3,0a9ff069747b62be9d345b566d80b5146926ff31.png
4,0a92c356574c920ff6f6e1b70ad7732d1217896c.png
5,0a924f19b66fa59fd795725be605c160455c5790.png
6,0a30709a13983ced5db36b179b882b354c71c912.png
7,0a36620d9f7fd9472b1cb834f7723dba43e18e31.png
8,0ab9db613a0ed0abf00924521a9368af02404dcd.png
9,0ad71f73ad414186a76dd6547b75cb3c2efe74ce.png
10,0ae6a2346e4ad935078785de06c543d9d286fcf1.png
11,0ae41e56fb38ba108377b5b574736cad51fd8b4c.png
12,0afe9e15f0f26d9984f0286cc7e8742ed1ff11c2.png
13,0b1f80d80f2b667c4ba4eb031c1d250fd8c75bff.png
14,0b5d4db9561e8994c7c05a352dcffef0d1f424a9.png
15,0b6ba2723684702ce6432ced138db9a8918cc736.png
16,0b6ffaa2f6a60788c3a12b7fc0fcdeeb8c9845de.png
17,0b8edd5bf77f8b1cf8a296e31dee48e89293589e.png
18,0b1441a9187bca71693547600e90c15c92dfcc52.png
19,0b7101297f016a97f5c1d2b1e68b7653cd436896.png
20,0ba91ad7e7b5641efeb00ae2614fde0a813c6ea8.png
21,0bd775e6d8a0b6e12276c9b681c4aeb197a292c2.png
22,0c5ef730dbf1e0c5aa581683d1fb1a4e3a391f56.png
23,0c92f805a40a97d8909c98226656b91900d26703.png
24,0c474ea26416c3fd633291921c170a128602bec5.png
25,0c71200dc87a7d6a461aa2beba1a33d03717344a.png
26,0cbbed7d7b4bdb307521fa877c86533cea6577e7.png
27,0cfae8ca0149906443ef815060187b0df7141d19.png
28,0d4b0aa2188cc2ecfd3716e9164f2fbc5ec4d998.png
29,0d8ccb256036e6c7e720bf49b0af2f0d052095d7.png
30,0d680681bb011ee5e6aa8583ad05bbb63b60f633.png
31,0dd7c494823acb0d5bc527a135bbca069d718598.png
32,0df61778656056b79f7f566ee583ebe669b634b7.png
33,0e87f8595ed892aaf8df1cc3a9f8d1c85d77e058.png
34,0e897e2548ebda525abccb73d2297225d38c5f72.png
35,0ec70635a24d0863be32903f8efbd99615de1bc2.png
36,0ede258d64cd2613b7cccccd83e8662d60990c9f.png
37,0f08724e7ac0a825a316eecea21555dda1b413d5.png
38,0f7a640b4666205c27646bd45613acedfeb50ddb.png
39,0f38ca773a3d41c6b482ea3e2cc54f28fd769fde.png
40,0f59c6ebb3181451ed1ac0b1daaf39932043a573.png
41,0f91ff5597783ede1bca117531ce264c5ae193a1.png
42,0f695daa19a690ae8e4fa7aa47535f825ab4a63c.png
43,0f46285f786c9852a918712cb407eb7b2907dd0c.png
44,0f68859008571168d6448f3143f98c9ec1efe9cf.png
45,0fcd842423b8120ec63af40fcea19850ced1c71c.png
46,00dde1285818133b09c1d16d79caba42ebd172a4.png
47,00e996c9f4471163cd5d5170c3cf4da40612a929.png
48,00f8d3fd6762c8dfd200fe298accadcbd59daa89.png
49,003835e6f5a3e1ac4d791e918fbe47e589cdb387.png
50,0060551881d7af1524ee48e11cfc518d58467f18.png
51,01d718acdac93987cfd33cd5db3e476499b3d08d.png
52,01ddb536e1aa282e0448fe5ca4bac7acf41fadfc.png
53,01e3229c878832447b54a142a642af869b77e89a.png
54,01304c4c26a3db378d541e5176ce1b03f023b32b.png
55,014538c5d4a6203bb47fe1bd61f8e30e69e4597f.png
56,017c316915389485fee6f4afe12ebe45891198fb.png
57,0175de2f9ee14bffa37daf2372ed71316dce1bb8.png
58,018b42012c59cb9d0b40a83f620b8b0b8599c245.png
59,0186add623d5cf8a60a9a6b42feb857f933fc338.png
60,02b59a9e6afbcf823dd1097c46e7c725dc5df6cb.png
61,02d3a1d5124d8b2fa48855a270d46206ea690da7.png
62,02fd0f9b865cc28d3e8e46ae987049b81afdf2c0.png
63,02fe91d814920c550098a24948da527cbb208594.png
64,0210ea53a1d8586459fecdc20c9dd5a099152dfa.png
65,03f0ca5b76f5e5259274d1ffc630ee654c80b41e.png
66,03f26c2513f7590a4708a0ca108556e4e42d683a.png
67,03005981522066adb688ceb9ba044fb311677149.png
68,03108c9273860e94ea57150e44cb666008f30992.png
69,038f35f0b6b7995d61681dd40ae9079601920029.png
70,03920d744543b97aad036c930d31f34a0ac313b1.png
71,04b4fb3607236563913b0ca077e29cd727ecc161.png
72,04ca1640962dbea3163cafcad99af5b8e45a0db4.png
73,04e398df24aced8e89ef6cb9cb5ccdf4ac7f9215.png
74,0434f6d0ed2b96284b7477eb6bd18ad3aaddb5db.png
75,045bba121a96578bc3592b4707f4fd485c964f54.png
76,0458b5ab0ba940f5f70936150c0031c929d5e57d.png
77,046155361812ff846bd8078e31b5f5db9186d62a.png
78,049e1cc420df3091cb93882d3f291ea88f6757ba.png
79,049e183124232e728829080a7c2c868e604fc75c.png
80,0490d74e84f3c4ba6e6e0e4245b80abbd57b9aef.png
81,05c54d5c054b2e5d9ef9953b7cce2885f6a6df59.png
82,05f21175769d88755ec9aeb0a9c0084b4fa94c2c.png
83,05060f80fcd8893cea995e8922e10fca0c8a22ab.png
84,05302b79005f950675459211bc433b428fec45b9.png
85,05311991dca2c333bb835b3b47f705cf4122e566.png
86,05446fc18fd92d5025ab8810740f30540d707d89.png
87,06b596198d0e1e979a225825b7c2e21780fdad4f.png
88,06bdcc907c7ba2f03d3f3d00a22085a418f6ca90.png
89,06bddeb8cedf42280c0c4fbb4de9ccfb4eed24ee.png
90,06cfa2e75d9f59cc0c1fedc838cb45188971c156.png
91,06dac80161b11cc2382ff09293a79bdf3bb565fb.png
92,060f6052058960d046e04d93521f3d2849e82286.png
93,0612384fef682291e48562f4c5113d2d57eb1539.png
94,064b851c5c2d7b05bd5bb28d9397e9a3e053b8d8.png
95,066d756ba04ac9c73442633f0e048c713bbb72ce.png
96,0664070a3511d31008486832983186313dc88757.png
97,07a2b86d0aa4cc6bff689d5c0b865049346a31d4.png
98,07f51e69fb0d737ee49ed921fce7bb3d0cd72100.png
99,0709bc031d64270298656850736e94e9426dcdef.png
100,0716885d72dee925d0b29d53e14f73ae0afd7bc5.png
101,07358ad6e516580a0b9c8d74835ab11ac60eb4f6.png
102,0737b59b5c31d55d8a06c30e132e8116e4186dc5.png
103,0738f7f3fd3a9a7f8b6ba67e3231435a7639fde4.png
104,074500789eac227aa44af76902a5340a9410a311.png
105,074825c21be1f614afb4b3a18f55d3c1447c1ba3.png
106,075579764c6ca465d62e044188b8aec37a511e81.png
107,0764439408a6abd97cbd4539b737df97981c7398.png
108,08d828d0cc92fdffe6d6a3de0bb9161d34a9402a.png
109,08e0319b95e7cc235274fb9d85a61fc28d73ee13.png
110,086cd1032a3f42dfdf4eb5a3d3f6a2c8d226b80f.png
111,088160410e78570bf65e04a4bd9b0c647df1015c.png
112,0899208a185d2024358976549b12d5bf9158a818.png
113,09aca29c036900b5555d860a05620dcce4531029.png
114,09b29b46355cf7c5ddf8b440a1c3c3e3b64626eb.png
115,09bfa9a67946e6c242600dd3fbe3b958c13ed2c3.png
116,09c43ba1e76fbb2fc96228ee4d8bbd6ee858df17.png
117,09e87fc8bb97c2c04099d42bc7e5bebcc772a906.png
118,09eb5a40ca5f4382b537c4aab4ba60affcc84815.png
119,09f671927d15125d86b4842c322ec80de92dd820.png
120,0924160d742f7e7d8479a8593f3c20a09e37bb3a.png
121,097e7b4974775bf1e76242e95e487c2b2f9b12fb.png
122,09818bd75446bd17ffae3df241c0f3673fe47cee.png
123,1a7ad5df010bb78ba3a2b55687019a1357bb3ece.png
124,1a22faa7ffd76b7412e4d45e62d43f6ad608a346.png
125,1a79a40677ee8784554ddf796dbc8acb6e8deea3.png
126,1a742cb0d5b838dc97a2ec95f29080d39b2cc09f.png
127,1ab7d93e0d80295b942d0bae7b026ef1d2ae3d44.png
128,1ab3660c73f52d1015577b0b81e847b36b30ec72.png
129,1ac80ea676df16363bebb673d4ba7b264f62a315.png
130,1ad0667cef49bc20fe938ccbb203b5d7c6392aef.png
131,1ad84f2df8f1cabb5d130e381590b58468a753f2.png
132,1af9f1a8010ec805f5d2b13e8647ce0bf62c66fe.png
133,1b7ccaa7bc6a9d98d835597b9400585e769c3149.png
134,1b16f813e3c9388e716d7da59dee3c7770d207d6.png
135,1b98b11d0a8bceb9728fd23f0f8db63ad8a82b60.png
136,1b189cc3e99c6452e3de531f5e57808149df133e.png
137,1b3609cf845c31f1c8d96ccd63265d641fcf271b.png
138,1b88779eb13f2e8a96a36a2496ad0338c062af34.png
139,1bbcf15c904c000ca1d4d3fad7e32b9750ec87d8.png
140,1bc38df258c347c90876423f482006654e607b8a.png
141,1bd0a16d4496002c838696d063d0a999b9edaa17.png
142,1c0a2b2a78d68d575c71dd91e1b78bb00052686a.png
143,1c052680dee9eb2ac742a8da080cd4492da4368d.png
144,1c8d95ccc7e26d520c33df40707b48767d0d3886.png
145,1c74ce9893e3609529187585777db9aac6c3ac5f.png
146,1c2374512ba8f4a326a0d59a67a45d80f813034b.png
147,1cbf81e8bf2bf1c78f534dbf02e0f9bca2876691.png
148,1ccd0e6db455bc0a77ff74f14e03ed8e16f741d9.png
149,1d1f926ef629a90daf275c3697aa5caad884c53a.png
150,1d5cc5af55f04c4c0f94ac604b4e45b166a3a8fe.png
151,1d8fa7e93cf949846162856a2fa5ead2822a2f74.png
152,1d61c4d96a728bec8792f40ab3b85be58510f7a6.png
153,1d93cb2e3a4f4657bd12c14540b49b1b09191a5c.png
154,1d319ce5150e3e27f421e21449f95b3fb8d0827c.png
155,1d413d331e86fc1766ab49d2710b9f6d6c18311a.png
156,1dd4522149b417e36ee80ed43f113fa0e00dcf18.png
157,1dfe10e2f7f105c719030ed2ca6f4b9a1e6cda48.png
158,1e1d24d95de0370191d2ab75b677a2e17223b487.png
159,1e33ac22886ade1067ed15f142be845f83f453e8.png
160,1e3577b2908d30b647a145daa3e9f83afea55de7.png
161,1e5512c7f0d40846f8126a412a48efe3f404f21d.png
162,1e21836bccf2f1bc6acd437c0a10ad1046029443.png
163,1e239877ef4dea3cc9194a1b7253536f6b5365cd.png
164,1ea413fb0058b555988533b68e62e2fa6681d5b9.png
165,1ec9315628890b93c2103c6a31e6a0aac229c398.png
166,1ecc7a1898725b411b84cda67c7db558decfbeda.png
167,1eeed2c4a430c1b26891fd9957f1570c6e1c9a2e.png
168,1f014b5868732987e02304978f0bec4fc8721180.png
169,1fb951dd2dbb81537f98e16d3bef9bdf58d5bbb1.png
170,1fdff063723f9fd6565dc8d1f065f01c039e0474.png
171,1fe38797fd6be7d41e7e8433c0c993e7ce5d6cfe.png
172,1ff35571822fb7bdb87a67dde8d9daeecdbed97e.png
173,2a9a96f192e5d346d0858c15133fa82b0b5336d9.png
174,2a19b5b5105b509e3960591d4d02ef926b910bb4.png
175,2aa3eacf78c2342e124068e70a1ac6a6d7b4db25.png
176,2ab76b569558e2fa489c5a5825f979ee58ad872b.png
177,2abebbc82b81604b463d9d99923ff93ab99d984d.png
178,2ac4e158fdaf6579c0dafedca4a95f5787a4c5b1.png
179,2ada6e1f7218c2ae3cbd503bfebb7a46fbb1ddc1.png
180,2ae072beffc305ffc38771a16c11d605fad8c80e.png
181,2afe3fef14e2864265d5c3f5b56f9b0bc04f52d6.png
182,2b0d48028b8de3d9e56835692cdff1e984bcccda.png
183,2b1e359c9694c66f3f25d06351bbdf513e2cecd6.png
184,2b2dde7f74cb725dfda754063ff2d7931df4eed9.png
185,2b5bb2275b9540897a006f07861e48f52350fb9c.png
186,2b5dc8d68a57ac5a96c76b20fa589d5057eee063.png
187,2b55bd6567cb3e8c88e063f2667e8495cebd1eca.png
188,2ba4b7ea6eb1518442de68ac61fe716067622e60.png
189,2ba9fcd33418f4282baa145858c23f126546c07f.png
190,2bc07bd27e4592f78f48577c910a628fff3c7293.png
191,2bcc94d24d3417c58bd5359247d6ece1b3c118c3.png
192,2bd3403a807ad8eff2388c48cb1c23580eacb91a.png
193,2c6c498231c4704e0dbc1551f75b2bb4f380dda7.png
194,2c6c4579469df3093aaf690c4ae772d8ca8c947d.png
195,2c59ca84527989bb1c504a124464756a0f045484.png
196,2c971b77746d8882c75babdd6ca2421a4b86d35a.png
197,2c453858abd48408063fad0bea7190f63c060c9e.png
198,2cb23c31f9d30c82fa2c7b1b7958466a2933514e.png
199,2cdb07413b2b7b867e1a8c1d65a5b9fb3af03089.png
200,2cdd892db004a2d38c86c581ebb7ef0ecc1930d4.png
201,2ce73228cc38f189d39a71cecf0cdc82df18f078.png
202,2d0f883618adb76a98eb18adf62d8e39e34e86aa.png
203,2d27f62e18dcd67868c8a8d6f17dd7a4549ca3b8.png
204,2d847ef8330131e8e875e919719241325893fb93.png
205,2d45302022f291388837e9bb01cc155be02769d9.png
206,2da391d308898d4389e830959472c0b516275eae.png
207,2dbb9ab38a64441132a0879be78949f72a5214da.png
208,2dd1b11e488dab803fcb2675ed4cb7a99fd940de.png
209,2dd326c00750ad34c09f5df77c1744661ca71c89.png
210,2df329ca793ff99d5e05400bd4271e01752168b9.png
211,2e5b386beebe04dfba49082080ca8ace470887bd.png
212,2e8bf9e7d213ddb933ac0c5dd92c0a6eb1aab0f9.png
213,2e41923ab76a9031b4ae643d2d96c94a7bb06dcd.png
214,2ea1133279a98b9c20cc96761ef8ef53a39217ba.png
215,2f33a233540b1a2d1b95dccaeb4a6666623675b5.png
216,2f54ee8a12c0111d2022e86c9b95f9cca25983fe.png
217,2f555c93c37bea9754d0092eb9e75ff82059930a.png
218,2f19814601c161d327276349cdd859a58d639452.png
219,2fa2daeda2b3f6793c8eca786e95008de18fda97.png
220,2fb57d1ac56f176cfa54b027b61f78d1ba270b95.png
221,2ff51cf57388fd8a87ed0567b4ad2f7228bbb4ef.png
222,3a7c895734e19318c527aa0acb0d94949364a7d1.png
223,3a92a8b4219eb7f43e3ac4b160e686b841e5bb7a.png
224,3a376f642faaefec3d7d04391c10858d086bae12.png
225,3a76097f433a88d2a86922816c1c719035986304.png
226,3a861496c7c39cf5cbf74ebc1accdad5b6a52f70.png
227,3b9d01e9657c6c1d988d91c511d87b01b9757a76.png
228,3b18d4abf54a9547ebd3fed41a62919325985b59.png
229,3b453e4c8b7130c7b8538d3e2d4431dfd9e590a6.png
230,3b515f7747fa8c05b875f40146defe43b25699ad.png
231,3bb153abb0f675ad4bd3f8dc3d0e430f3f2a052b.png
232,3bb63148ab285700f929bbd8073564086dbcf8ba.png
233,3bb2052201d42e4909fba9b3dbdd05422e18c978.png
234,3c023d39ffb11b0fd9ea5ce2dae7c5f6ed91bdaa.png
235,3c98e82f3ec0066c308688ec6dedf64df80d37b0.png
236,3c7734aad17297dbd093fbcbdcfaa3808339186f.png
237,3caeaf79b41d6642c75ad1a6b1e96db929c939a5.png
238,3ce1661c2570f80eafeb95d7769d1a33f05389ec.png
239,3cfbc239d484031a7bd519b51657b2f221dbc7ce.png
240,3d041a3cafdf29f993e7a28d4b2f44314c84787a.png
241,3d1f530468984356b2dcad5f325d91f3471f60e7.png
242,3d4cbdc8fdf75d8e397054c182da31556541f3a4.png
243,3d6f2e32da4807c803c96a61f03a95d890e6f1ad.png
244,3d38f3119b322e4fc37a38a1a6e4ef3217640370.png
245,3d89acc470bec8bd7920beeab271267ac96c8fda.png
246,3d798d936542d777941a9174d604545fd5dddf8e.png
247,3d2699aacb89e0fb5a2b6d3fa025de18ce0c9381.png
248,3d723113c867e8ac229e23c56f678e4d409df84b.png
249,3dda638516dfc07f13cc2d7d884f8a1f9b9cdfc0.png
250,3ded35877912ad551e2f1aae30a437615a7d06a5.png
251,3e4b5418a51d3bd9571bf45bb773175b9fe252d7.png
252,3e7501d76a9482be2dd973f91deaa04758812613.png
253,3eac3c1aa16324f2df76ca612076e18ef3b609f6.png
254,3eee7b9e9be6bf17790c59f52eabd689ebf0d106.png
255,3efe65259a9eac0ae80a4fc54964bf3bd12aa235.png
256,3f0a1001ff085818a6eb27000c3ca251431c723a.png
257,3f1e40b3745ffee760a419bd9d646ea16667610e.png
258,3f7e101b726bfc88ed462ad9353a3ee5ae073c8e.png
259,3f722326e44c9e733d43217693a6b13f65d73bf8.png
260,3faaa52da58998b70c7d38daf01a4bb27aac81d7.png
261,4a0a3bd3407c21f1543ae60109690ec999d3bd69.png
262,4a6c85e0a2f387b4469919d0c0e29eb82d8cfbd0.png
263,4a654d0157875eb4aa9ecab42f4aabc0d14f4291.png
264,4a78512e2725233114a2a632de748a33c7299fae.png
265,4ae237dd4467cdf80ec4b9ecbf9b4c1d4ae3a1ac.png
266,4ae1654f498827eacf55accfa34d31616974ddca.png
267,4ae7097a40fa9d1660d5d5136ebc116a5b80d0e3.png
268,4b00549630388e10f529ecc9624e0a0c27b25531.png
269,4b5dcd114330f4911e6503ff97e40fba00cae172.png
270,4b142f2e40f8fae87d35f23831439790dc859261.png
271,4b971aa827110355e96fd70288f7978aeea03a7f.png
272,4b9898ccf275aa3cb7ee8b0b2a1d9d4095dec0f5.png
273,4b29696ea98830bce9c7ad616324252aed851d33.png
274,4ba8c749dd9904ffd096c0c9d3b83cbe8b11823d.png
275,4ba9d16e26f9bd5bd18316a2e866ff9ef1c2ed64.png
276,4bb01cb7ada34904dfe6a60755b5a94af89166ed.png
277,4bb647a425589e491972011780f96f11376a1ef6.png
278,4bcb42392be6c9fefe578530e1668f91890a0871.png
279,4be5b44277de0f9d137c146ee2c055d23828e0e6.png
280,4c30aaee4b210ca9cbd84bbeab2b7bd38f124de4.png
281,4c65abba31190a239543147c4925da2eb7a935c5.png
282,4c70c2b99c3ba3bbaf58ae1d9750467ae87dfefb.png
283,4c803da9206950a6932a364dafea1f0591fc20e6.png
284,4ca3f87ba73577a25dc680fd701548f771507022.png
285,4cbf7baae83e319738489d9a4e2d66a9b3ebd9f2.png
286,4d023c854d6f3a88658c14b3fd2d1e9aa51ac7ec.png
287,4d1da1115755e09dcd5799ad334892e6860b2749.png
288,4d2f9cc8fb0a10bfbd747dfb6dfae93a2b535c43.png
289,4d8f5354f19fc3b9e4405475d74aaf52b7d0d1ec.png
290,4d916a041c2313c2610a9e8cb584dbe2b7b223cc.png
291,4df11757be513052a3d787b7ec80d59923f450da.png
292,4e04ec14ade5c683d75e57931c157203a6375f84.png
293,4e1fa460004880d16c9a96bc148bff425111b1ef.png
294,4e4af9b173b1175a4677b248e5c77c25be38e979.png
295,4e6fe9c67d8b420f01fec4f1c013d5de0e4a76b6.png
296,4e9327ab441e674ff8ce1ea662ac38b9946aad07.png
297,4e27476c1623149ce3cfe8ab29aeccde28d45a3b.png
298,4e7740015c18478db0188a2e7f1d7ef358d9a7c4.png
299,4ebb272f04b5ff9084354f969f8f5842bce6d1e3.png
300,4ed6d883338d457cebed82bc91295a65917f2c2f.png
301,4ed224e1c261898baf77af431d879e5852402868.png
302,4f3c10821ec8ef9503415a0d37103ff856065295.png
303,4f16f2921b067813ee38a4ddad788072124b2733.png
304,4f709f02ae498e8be0eb03baf992aa218a856373.png
305,4f61530550e30fdac029c66d036564fea7eb17c4.png
306,4fa3cfaaa03d8ba328fdc3ef8eb2ac36067f5b94.png
307,4fa9cea7d0a61a3a6f78bd49a95de1d5377fac90.png
308,5a1afa548883ed8f1cecf64557a65ecced18eba9.png
309,5a2f65b6405145cee1d088bc5711669f1d7276d9.png
310,5a3defba6e72e09449cca60335904b996e88df8a.png
311,5a4c920b4bd5aff8212c8ceb4a167d4de8a804e4.png
312,5a76d24e99cc8211bdc03db1bdb1939e3362214b.png
313,5a502d031b6f44aae200c13fdfe92a3d80422eda.png
314,5a2684aa61cf7313de1ce655613203fd17819578.png
315,5a4169cb2bbd291ff8bf538b75af222bbe1d6cd6.png
316,5a43327b7b214eabeb824d0c156e4bddd72bce44.png
317,5aadf2c5ff4e34effb958ba6d7ba769a24a67ed2.png
318,5ab10d08d3ec4cdf42771290dfd60843beefa35b.png
319,5ae0e8b707a4f3a41d147acd4a5d5f0f9bdfd3c5.png
320,5ae6da0612f5b82daafb95fe7a8dbc93320b34c4.png
321,5b07ee0d8272117ec6ced3a687784e0efcf9a676.png
322,5b838a7de75bc0500cd02cc0ebca2b0af7cb3e47.png
323,5bb0ccb6401d58876508a9dbd15d4ac1041a501f.png
324,5bd8326b36317742657d788ceefc5950069ee91f.png
325,5beef089e764567591bc05c58f38a1dc05e627ff.png
326,5c1fceb1ba73eb2b55dec8c629d39f4f9f7e5322.png
327,5c2e29cfd47cf951163f143884b7a00c150e8b3c.png
328,5c6c68379ae980900040a63d8d8da8033c2eec0e.png
329,5c6cd13287b8ee5f141c6b26ab6de10291ade808.png
330,5c8ceeb08ae868c3909a1101aff28f53bef6dfa9.png
331,5c363b00c5d1aadf500de5f73c3f409d2e4b264b.png
332,5c6038f1192bd34515b4113851d79c43a31fc619.png
333,5ca41ceeb345a91bb7f56fe4eb5d8368eb028bdd.png
334,5ceb63096eaf972f8e080c2c89f86d890d157e3b.png
335,5d64fa78accc54fe78fd586ba25773df6839f214.png
336,5d525fd5df19022e3390cfae3b42b92c8f417132.png
337,5db2d37fd1de052b6b53e0233f434a8c6c407fbc.png
338,5db85c37f6af7c17909523fd00c11415f4af3004.png
339,5de99a969ea79516aa0938386bb98e50653187ce.png
340,5df19a61772f5ff675ea3a2de5a9ad1f75fcd7a8.png
341,5e06e181c62daf2054dd4f0b91bf9a466b31ca52.png
342,5e2c7d506908dc06d9a58b91362db7bb7345345c.png
343,5e300b89e571d89c06161abb710e187d31e8ed4e.png
344,5e846eb0d847c9b7b24bb484a286fcdfcb655c12.png
345,5ec4498e275dc4184f04001b26fdb21bd5876c79.png
346,5ec7059736ac105d94668effda60597c0c9f70a5.png
347,5ee9ddd2a2dde2f54f39c4c8570ae3f67bd6b349.png
348,5ef09229711f24456a4e43075e9ed28bef432d5e.png
349,5f9fda19ce11d48c447c23af7bc7d7a429c5c305.png
350,5f36cc4453fbb567492f7ff973ece88354291ec5.png
351,5f46b9bbdd08addf14a47e2ca0804e25dbea05af.png
352,5f164bed756135c4faff442d17489f5a97655b26.png
353,5f15674586aa63549aeddc687b0b78745d935459.png
354,5fc3cbbb68c91a786fbaffbc335b77648146e9f4.png
355,5fc17ae50e92577f8c26d66c53989d21fc4afd59.png
356,5fd41d5caf78795d0eae4e998292b0bab1635992.png
357,5ff17009eabbe494d70dcd0828d682b8690245d9.png
358,5ffab1086abede4156da94b9874ced709bdf57da.png
359,5ffb259ba239c85cb5bc9abc83180d662a44be97.png
360,6a0ca1928e554a543540e750d362f6d304382167.png
361,6a47b08bae31d406814690d1340497bbe1c4b111.png
362,6a642bd184aa1cb27d806885cf1f211fe5dbe077.png
363,6ab642f1099a7f8cfd5c2d16000266a41e407a04.png
364,6abed11c30c83ae04c0df772d1980232abc00819.png
365,6ac9afb7004c5eed5333ad3cf759e7efd83d7a94.png
366,6aca2e3c134752d09d317109d36b3734cf5981ac.png
367,6b0761cb96cf88b816f519d60ca9ae1abf2eae73.png
368,6b7e5a44f5c5604a0ad809d438313a52f47c41da.png
369,6b36f74bce7170c9813b81a4bec1ccb267f19eb0.png
370,6b608bafb2fbd211b70f1ab6b4c5d17b90a63d00.png
371,6b5209d42a8628f7e24e96d9484e8235bad64242.png
372,6ba4d0ae6244223871b045b39dfbc1809d1dd167.png
373,6cc7cb02fd70d6c3b1c9e953d97e2a186ce9cd78.png
374,6ccfd3085df078c9a423fbd925533eb5ff866fe7.png
375,6cd8fd5c7a3b3c672b2866549531ea076525d780.png
376,6d16fa3f5e03c3c417c5a1f0cbb731587ba45f40.png
377,6d5800f886ae01d230217c480e5419b23dc71425.png
378,6d34164112c3adadb0b5c56985e8ebbc8e4dc141.png
379,6d796022576c0f7904a8f12569ea7d13c2773fba.png
380,6da8d8394e0bbaf80a65666d912e349ba598ef9d.png
381,6df2fb9c737748518afe50e68c9e451869ee1a25.png
382,6e06078b20cc8ec49f0cff48e9f58eea49906e15.png
383,6e2e0848c70e57e33ab439c1b9bb2622df4d5165.png
384,6e6c9b59213f98601cd6c1d893b174f995990492.png
385,6e72f0be4b46231aa17dbff52d1afbfad9932d28.png
386,6e92d1cec628637c5db932e80f5ccad39f4fa142.png
387,6eaad9ee9b150edf42b630b44d6d7023326992c8.png
388,6edd817317635f7afe4c0649d51249f3f43cf844.png
389,6f0a0d0f3a311c99887b1a1883938a47f6d0e6fc.png
390,6f1b8976454ffae91907708a72be0f458962d9ca.png
391,6f4ce693527b9fe4edadd92366e22fb4874821f6.png
392,6f575b57b6899531a7a2166eaeffb0c9135cadbe.png
393,6f9187c8f86d5a339d221b849dbad0256a7c6d2a.png
394,6f86649f054b0c68ccc8f3c0be9dde3d05662173.png
395,6fba60cd7dffbc7781ee2ab97d1b96c23ea30520.png
396,6fd8316f0220e1d63e318eb3afbf8f9df65d0274.png
397,7a02668a8d440585109a5d9954e3c9d1a3073f04.png
398,7a1d2f9c2519dacb020c74af7103671a65d19804.png
399,7a2bba86f6fc81c53cd66960eb00bd207ac929aa.png
400,7a4ccf33873983b581e7cd643cbd033e6ae87938.png
401,7a77f7ee50e9acd238d50692278a399196493ff5.png
402,7a311c67a17057e1d371800927056298e1be57a1.png
403,7a535ded737dc4a18187984a26b1c33aefa7f601.png
404,7a27020528579005f443f49ecf709cb210224744.png
405,7ab11b53c048f4719596842d3b71f4d97abb0f68.png
406,7ae6412a777bfb25b1588a29ad2b45dc1ffcd82e.png
407,7b013cfc077d04f4bb5269ddbb5057b54f19c8df.png
408,7b1e2962b660276a47c299acc9a709592e9bf210.png
409,7b11dfadddd2270e994169e12938c0c32a115869.png
410,7b64ca221a0d733d31bf89d0c452b6e97e4d8ee8.png
411,7b86daa186c84c8282d3c9f2ce8a51c1dcee1cb6.png
412,7b452c844daba4d2db70327b865853ffd6aa0ce6.png
413,7b982e8364c2137f1a88acbb76dd474bfe63799f.png
414,7b2824b9609806ff16b8b4b6c81cf0bd5d744ee4.png
415,7b6475c931962b46cc8068fc266caea9d70bb1be.png
416,7b78001ac7eb41ad594d6e30683cd259fb2fb478.png
417,7b672643253ecbb3759b65f93f10513e45f58f14.png
418,7be649f55987eeac181db2d7254fb302156dbc92.png
419,7bf0b480a112796d71504804eca29808004fff54.png
420,7c3cfe61451c4ce53dd192bf7fee9792de2dea99.png
421,7c3da502eed7bae6bb346ac87b4e357dad84bd4a.png
422,7c5aba4cc78b02fbcddd0abb8a20f89adade1435.png
423,7c533d624354c1722ed4c4562178b818da6024f5.png
424,7cb50c7b0f96d4225ab43a168b7e814f61d1fb25.png
425,7cb5563ddb0bbb606eb75d3a3dc45bd2cfb0f28f.png
426,7cdcd33d8e7db909cbbdcd0c01cd457b843ad477.png
427,7cecc1e00a2f940b523775f75612fd617149a240.png
428,7d032c935a6ee248b4b0543a5d040b861f486889.png
429,7d4cf2605519515cc0ee01e18acc955a8923ca10.png
430,7d99afaad3f865dd3cc29edecc6119dbdeca733d.png
431,7d83840e7008d10f576760df44876989dc80e866.png
432,7da7a07f4af923da1ac0326a403f187853caeaaa.png
433,7da49e91a5433cc3d1e374ff483c4a80724df463.png
434,7dad518c47fd91b43809a3c7cb0dcee5cd5911f5.png
435,7dc9b7b497a1135550fc54508b5b36f85c07fc80.png
436,7df0029daf27b173be6c6736cc559283f99c4e7b.png
437,7e1c73723e5765086d519697dbdcef7450f075b9.png
438,7e4b52bf2ac4ab92c7be42d41213f59a7f164c0c.png
439,7e8ac418c0d6b92b4502764c6b10e47138b65575.png
440,7e58c978ca9f07164b00a08f01feb5700f6a587c.png
441,7e85d5201351963e6a3ab008b154e2be0c039136.png
442,7e1785fe9994846f5cbb69cf75ae4e851f914f23.png
443,7e1927e112d12dd61e59660b7a373802c7f2a16c.png
444,7eb7a3ade0330b0293f0b648f2c6b86e7ff1c2b5.png
445,7ecc914a6777819c181928d3289fe9bd1177720d.png
446,7ee525d07c438ad393c272c3d3fa9fffd6322c12.png
447,7ef3d1854afecc634482d86d1274b2ef6b89deac.png
448,7f602022a4f74e2ffb7bd3abbdeb875245b8cb3e.png
449,7fd71079ac012427877cf699e87b849825ab17e9.png
450,8a0737233579b1e432064ddb4b291e95d22bde39.png
451,8a6142da11e70ee6a70f7cb415888668a8b58952.png
452,8ab647982d704b6afd56a6bca2ca2293e81a2e23.png
453,8ac021c6badcf22440d4c118b06f144fcb6212e1.png
454,8b2b187210f4d5b8126ba56d8e50bf1e7004ab7a.png
455,8b6eef5c6707de3be488b90acd79b0de7c43f448.png
456,8ba13d10a79c73cfc5d0fb34ccb868cbe62fc9b1.png
457,8c35d656cff7e14ed80c0f6f6f2d6c44eefa00bd.png
458,8c95ef3d3e287294c74c990e51e81200dac49319.png
459,8c24281327581df9a22b1a25de80e13adcf913b9.png
460,8ca04bfa3ef49f496e2026b46a4d61cfa424fc46.png
461,8ccc88b65410f2a383c62ae87eeeffc162a71dfe.png
462,8cebb3ca2ea90714a8dcf069bc2bded71c1af6d9.png
463,8d4ede2d719bec8b06274acf7933f2cf1473848b.png
464,8d8d99f98b95b79c8c25b7073b93482e060b884b.png
465,8d9bf7583382b535cef577eecaddf103c1e31219.png
466,8d51b937dd3f1fee2715968a97df2cbc75e58358.png
467,8da20fe21853da318c05d1d915721c1c8df07a4b.png
468,8dcbb721b30814890cd9a38788567f85284c2ae0.png
469,8e2fed0a495cdc9cd1c96361aff14126d79f238b.png
470,8e4b163592b8a0ea224d4006c9b52d6b8d84ad4d.png
471,8e17c8b0f8b1a2adda3d6648a1aa4490f8cc6fe3.png
472,8e8255f72af323417633a3d72ef988aaf31ca074.png
473,8e28979de08539e0d2cc52909d017005326ac105.png
474,8ec2dbca95c2885ea71c90bff549f6ab32208051.png
475,8ecdd9823f8f0bfab4c0fa8cf64cfd943dc30bf7.png
476,8ed78a7bda55ee77156efcf5bbefe6133b9ad420.png
477,8f7b2e1022d0ab2e709c0ee5210879542da84c03.png
478,8f4456d45cce741867842c0acd9b2ac49ca66281.png
479,8fb0eb7e24d881e8f991cffbb312a0e6d53649e9.png
480,8fc1c4408e560f16212355d6f3aaece901e5c8d1.png
481,8fdd614356d0068dc02aa6f731368334122899cd.png
482,8feae70c2962474c351d2e2ae408c12e19532151.png
483,8ffdaac9149ebcf4957a0620795b4ea5da955681.png
484,9a03274eeb5caa5252bb2a1698141a237cd081bd.png
485,9a06fa89f5d074a51f2832b2cd3bc5845d0ebcf6.png
486,9a7e742b54e211c69d4e4253bdbe3ce03a6fe9db.png
487,9a1228dd824780cc16ab2b5ecb612f0aad8f91db.png
488,9a47040b89f66cc939750dcb26d3b76db739ffcf.png
489,9ab1f37bc69be6093e26aea4ab7971a724c04914.png
490,9acffdeb6b1524e8cade14e6d910e14c5b1c2cb5.png
491,9ad676c5fc17a4c49008bc118fdfb1e4a44dd373.png
492,9b2e25fd6a8bad322c23918ac7786a00a8dc6eb7.png
493,9b3e19aca0b5c79de57c7f12a8669c463eb0f7c5.png
494,9b6d0c1029aee5f5b74b8efdf4bd1310459915f8.png
495,9b7c442e4ed2dd97fb768c8e8499bf63918bb39e.png
496,9b87c6a898e4c423aac0c6e6d036acf5d35e241a.png
497,9b2279a3305f96e999e86b6012ad1e7eaad52ee7.png
498,9b2618ce3b4ba4c558d35bb2047755d14362bdfd.png
499,9b7526709288f6ceaaecd0472c444384b447cd91.png
500,9bb033cdc28d5cb451f4d59d3f132ba17acd95a0.png
501,9bc9f2efc5584b62a163e412ff98877a39b45bdf.png
502,9bddfa5eb24f039f4cb3ef8a8aa12d461b101e72.png
503,9c7ce74ae7052f6beaef2e329f97076f660fe71c.png
504,9c204f3840ab4ac331b0410adc24f26cf4a645c6.png
505,9cc70e8c0b9daef852fdc437d5f0818019f326ca.png
506,9cee7366123430cb71d6a8c33ecba6f249aeeb21.png
507,9d41b5b759ccae5770fec1a66a454a7efe794a79.png
508,9d60fda57f46ad002a8f5e62595f56430baae571.png
509,9d85e7b7e5a59d389b3b959068f5d06227bdf16e.png
510,9d40143f78d94c488831f046e1dc91afd2076bfb.png
511,9da9014e6c0b026f93915de37e5a08f84d61e36c.png
512,9dd10af93c8a14030586e50858208cd587bfe902.png
513,9deb62c5741ff947fdff6c31a95117ed529ba4fa.png
514,9df2e217c36552da9e0edadf0968ec13eeaff315.png
515,9e1e8e74dac742c1c6b3d383429dc83df735e352.png
516,9e9c9b9ccd4c4296ec34fd52d9c0ac4c67507614.png
517,9e81f6e21e7e8336b9221b070ae3d643420e8828.png
518,9e82b10dd871e0dc25b11096ce8f25c678c1d260.png
519,9e66443b4f158bb224d889b9b068cdf57e1bdfdd.png
520,9ea8cc935707598fe5553e447a74b475d13e36d9.png
521,9eb00a5261ae6fccb7a3c1b3961b77e0882eed77.png
522,9ebce0213bc6d33b9eb41f59f508034c67a192a1.png
523,9ec3ed9be66e205ec16e92eae1ee0107cac1b76c.png
524,9ecd56b654e54b4db24d03ab08bfdf44a5c57f0f.png
525,9f00eebede17e67588ba4a47a182a8f9f910e56d.png
526,9f6d37df98bd0d9bea3238c3243dd8a1b27c00ad.png
527,9f7e1227826153a1f86621e123298b0cedc246ef.png
528,9f8aa969338e29196cb26757136192a3cee6625a.png
529,9f821eeb4aced4e5a27aeb1af2e204b07a23d084.png
530,9fa1123f24d9a26932b502f54969bc2c3771576c.png
531,9ff9efd574e5300fd2f85f113966c03ce24de42d.png
532,10bcdb85233896dcf834772aeb47b237a66d4fb2.png
533,10d4ff2e397f39644054fcf92dce98680bf19115.png
534,10eb7a9bf491df41939ebd7509aae530a0d00fa9.png
535,12e7b374c7b1e0a3d767cbd5033a360bd8320df7.png
536,13cc17bccbde0dbfec8d245d38312884e8c78d21.png
537,14b5c6ae016c5e09ccd8abfe2a7826620f492fd2.png
538,14b54cc0cd652a5e53319875a10c2e45a1bfe7f4.png
539,14b68614f4f1bc007cf994c8f60e9f460bfe0661.png
540,14bfc2d4b170e06f0462c3125f271e96186ef19d.png
541,14c3f63e4de3fdf7c61dda32ec08e72f6f0f18c0.png
542,14ddd38dcbc4249db672216daf4492fe18233fe2.png
543,15a3af7899ce64f0db64805de4ebb3c200cfacc6.png
544,15df581919c05295a14dd1da71fbec9a236e1b2d.png
545,15dfbcbf6d9ebc93af641ca5d6e3a4ab4e5da4a2.png
546,15f5d5e82854d9e6053f93984d159dc9f8d61ebf.png
547,16ae1bec4078933b0062f8b5644410aaee6e0337.png
548,17a4709b38c10dfa05f277c00614d7b414fd5d3b.png
549,17aa0942f5be5b33367f7fd6d7587ac18f9db6ec.png
550,17d29bd3d34df8735db169a064c495acaa943bcd.png
551,17fa6d48976700ff674fea2f8fcf105678c21ae5.png
552,17fbcb7fabdde4a9be042dc06261dccaac0df278.png
553,18abd0d8bc343fbdce8bb801b22fef949f46ac0d.png
554,18ad34c86958b3223ef734f377ec73d2aac02850.png
555,18c5d74166720ffa771b495cde4d13dc333566e7.png
556,18c812788dce76a5461796ae2bc49b7cabaa7762.png
557,19c05aadb7701e4859357b3b08348a7316f76ab1.png
558,19e40ec25186e86ef4ca702b0b85687007b4bb39.png
559,20d2ed2af82d8278c69445846b1ab3eb2ccd1607.png
560,20d5479752212c48c67aff6b4d659f6e01420efd.png
561,20fa6f2affe9aad1374011e6503a26bcf11c651c.png
562,21b30e6304853b9f9621f8f77dbfc482d8cf5ea5.png
563,21c45334da4b51843a88c60d54c7808f18f35474.png
564,21de871e500b4c9d4a918ab689423d6718448308.png
565,22bc6d4462eb6bb6bae4a06a32e3f15dbbb5b352.png
566,22c6b7ac295e3fbc647e8a073f3f9a4ad59737b4.png
567,22c4996db746b3e09457c695e14d81d2a939594f.png
568,22f1e604c9e4291291cb6020338df4515b91c2d5.png
569,22f6f03fbd3e65b6e69f9e46abc9be27b5d881d7.png
570,23a5f9249d637df92ac09feaaab11f1fc7c5c86b.png
571,23abc0c401a9d6824e29be85da04a5d5292677ed.png
572,23cbfe319935b39e41410128c683332f6501b659.png
573,23d901f95eef916068f9d368b3a0e9afb9db5068.png
574,23f33d70521ea24e807d1d6052d26253889b178d.png
575,23faaeb57d51ae290a4b40b0ae08008d08a480d3.png
576,24a13c75105e7397e191c406fbfacfd5bff12ebe.png
577,24aa02f09f79e6af95a99bc455b960bd3a83be7d.png
578,24b25c7d2782ed1f07f9d2751c3b8ec17e863534.png
579,24d7790e2197ecaa57d554b2c8d299695aa72203.png
580,25a5e840ae55e1aef9bf64be91b43e8ec399d1e4.png
581,25a21c0eaf1c0a2730e6c9b3d74f6a15f14aec49.png
582,25c3713cf193d6b28e073f2bf8dd6131fe04ce70.png
583,25c422545313a7c447c255f7defa406ff163ef66.png
584,25f7bf4c9bb14f6087f6cea2b156fee1947468d3.png
585,25f7e6c846c26be71014577723c9cac64c844c4e.png
586,25f9e50c9ebfc73ef7c83fa8ed7b5b448b62d168.png
587,25fb06b2848ca2fc74356097b22fc6b362f9ec8d.png
588,26ccf9667bed159dd62f4c708241ff2df0815b0b.png
589,27e0af0a472917e1a927815491506446c041da54.png
590,27e21d2a2a73363ece89918c9b1ac42b39ae36cf.png
591,27ffec0c56848bd3429bfe6790b0b38b484a9ebc.png
592,28a8e2eaf2ca9a132fe6c8e8d394632d88e026aa.png
593,28b0f4dfcf769d692c39616039fd2a15512e2611.png
594,28b363adb914436d88cc6bc4f9ef20aa21aeb583.png
595,28c7f2354cb293a5a0202d37b59bc71e59f97ff0.png
596,28d43c6d8ae9276d342e3d9a2500ef18b6468dbb.png
597,28e9903415dccabe7a540a1ab4d4f24d83737bd6.png
598,28ef00b614d01b7a51f05944991d76e1f7ed221a.png
599,29c370fc3de446543eef70f9b901fe4cbe5451ff.png
600,29cfe9cbbada6223f82b9cf6b9d8262baa9d8f97.png
601,29d32b697f292ee67a798a4645cbb2718523d39f.png
602,30b4c90627615bfa9bc469aadad433f7c144d770.png
603,30b82251ff3f4300b15557cf3fe5cf9b391a04e8.png
604,30dbc2c0618727cf4ff8ac2929f53dc98f57fd27.png
605,31ac90636d5d72c1dfa94c37607fa231176d60a7.png
606,31bf7297bc3422ccf760313fe9613e2c23376bbb.png
607,31e28b13a3b4a0375190dbddcaa75a3f0bbb20ba.png
608,31f04da306235b99921f0dec9f9cb29ff7b6f944.png
609,32bd076131d800df9b010166ba7c4cc713d781d3.png
610,33d71a8900a3c251e992f541d1b7c07b156452f9.png
611,33d627d35b2c5c950754ae29752ec98d67d2f1f2.png
612,34ce96f20fd6956e9c47b769516e191bc1003045.png
613,34d73f18e8dc8439392592c36af08768c1b25c72.png
614,34faad10598b147c812174396996b56d4c091196.png
615,34fb7be79c128f93b650364b0a60ab581b92b85b.png
616,35b507bf997cd1cafb8a9f36f99d19fc407c3230.png
617,36ab4188e849a045bca07fcde48801b6b140bcb3.png
618,36b1a465d06588231eff9f04c26493e3f0c21290.png
619,36cf5e066c546ffccfea0948e8bd43459c108ea3.png
620,36e594336e715cbdcaefe79a3763ebd06bfed6ab.png
621,37a64eb686e04c93cf53ff83e274666dc895f30e.png
622,37ac83101c281d22f237d282c899df5954f9f0c3.png
623,38aa943404f8893bd8a699bf63d526f4f203c222.png
624,38b8c1ef30447eed5909feb887adc5f6fd2cc5f1.png
625,38ce11ac7aa0340d68a76008da2dd4b8f4a62f9c.png
626,39ac7ed330dbf8550738f3dacce43f9235f6c17d.png
627,39b0f0390d5d265f7773abf5f680401df6aa2d97.png
628,39d430b0b74b04b4c1ad377fe44650ffd943e1d3.png
629,39f65c4dc6df708dc6a937944df535c1cee8c08f.png
630,39f71f5ba214ddbfa69c17d5451adb0cd01703bf.png
631,39fe562c893b1344794e71b8872203c3f9769e40.png
632,40b2f2e2dba3c609d8c7d7f5f96f9b2bf74de095.png
633,40e4a209c0f5c9b2bacc52f2ba4ede4c4a6d03d8.png
634,40ff0f6687c00adaaa85b672d06ca8975d4dfa85.png
635,41f0afd9d238401f38c9dfad3c6a42ab77cf1104.png
636,42a3507659f86f56a58dd8ed31abb9797add699c.png
637,42addb08720e6b47bb316822aa7f7324ba672ec9.png
638,42f031b039da5850fe9ecbb06bb61cabd7438860.png
639,43c401e4ad2cfee339d484bb70c4c2d12287be35.png
640,44a668674b3a0a65423623b0cb9016cd9d727ee1.png
641,44b83bca9646fbb7b62e1023cfd5dc005415d3d5.png
642,44d95a0aeb7f94da47b32c8fa6ab27c2e6ff2713.png
643,45aa0dead614dc9a7325e8b956a1a9c2d5ce9c42.png
644,45bf16ed84d287eeca04fab059c66b3b7af2951c.png
645,45c01e71a1fe2166e575cff503edc46ef43f07a8.png
646,46aba06a5c756d70030dd8d06c0c116dd18cceff.png
647,46bd37ca84d3c6376e8cf3cea765d6d0fba606ef.png
648,46bf1ba84433467736589be7dc4ffac01d25e6d5.png
649,47b5a0c15f346ff8abca15f977e5d3792aba612e.png
650,47bccfdd15a009a587cbea4e22b52635cd2b474f.png
651,47c937e0411b592cf20c96183803aeb2109471f7.png
652,48e456eb32affdf9018e863188b4fabcea8998c8.png
653,49a4ac158293b0547d8ad3d0b10b04c61677f0bc.png
654,49beab361d232f21cafea34c2a6d6d671a97da23.png
655,49c993627c033c6cd5a630700518ad11b0a5538a.png
656,49de573c62066d7c56edfecee647f25345768a5a.png
657,49e97ba5912bdaf611983d4dc339b90433b72780.png
658,50d3f97d35a2f2c7a665713f1e469704d7140cdd.png
659,51e7fe6947a411291be093c29741016828bbe5e1.png
660,51f8f697b111eb6c6b69a1ba082d7574f43e4e00.png
661,51fbe83e631e32214ae36f403c6b64013bbe1196.png
662,52e45bc30ca51999957d2c9dd46457b47351bd1c.png
663,52faa86999f6e8e0117e1abe66d3fc520acfdb1e.png
664,53dfe5bb6b2d756ee50122212cef0256f7fc2891.png
665,54a30f700301ff3a925e2d4adb91a8c49ca7b3e7.png
666,54b3bea86ce2de9244ebe061fb1d11dd74a9a73c.png
667,54c53bcaf5ea739aba99695c6b0a1e0eace4447c.png
668,54e088a0a3aba06dacbab84e83d0282cd47199a3.png
669,54e904dba5d79a9e4f72ed1ace54a3dcf3b05b07.png
670,54f2c829d04179fb6c21762627bf9328f6b43a92.png
671,55c176f1c4ace73b7edae438a567ae8e2ef27bd3.png
672,56b6b20cd75475b006c517a406a230ad7048fdec.png
673,56dedb593f6fe8b94d95f6a64903d92500d373c2.png
674,56e7ba12df801d1bbca5c0b74f77a7efffeb7a28.png
675,57a5b9a7a473f027dc781fe4410abaee648eccdf.png
676,57a27decc2ab4d3f276ee68bb6479bebab706531.png
677,57b5c054985e7bceb6eff4147a33480144173ba4.png
678,57b75f7da5b00a8b1a0114d67a525eb005707d26.png
679,57bfe98a602cddfdfeb3d031130009395e333c89.png
680,57dbc8abd989b0084d1e926f30a29dbfe3462ad5.png
681,58abf1ef9bbda7619361088c2d73d206c42f46dc.png
682,58cda8bdd6eaacd893bc442253e2204790fe5847.png
683,59a16e2bc8e487f0b990d80c2a416afefe41c3e0.png
684,59b0d98dbd585bf453bbca6210d5056275433b63.png
685,59b2bdd2667ab7a16ae98cc7b2ec401345034338.png
686,59c51b7053e044825332150c37c1073253ceeaef.png
687,59e0b55d46b664ee6e6c19e88e1d4a04403e7f90.png
688,59e93921ff8d487e230aa8645a72390d6e05dd39.png
689,59fde5a5a7097692910e410df9fb6a32c8ad5fc8.png
690,60a46eb6f1421f55903919eae3769bffc8953daf.png
691,60c2a4167a4ec92ef2cfd386b982c3858b970a49.png
692,60cb1b531e4aeb4965a1142b408f22a90632d3a7.png
693,61b31369df453f5198e61dce23cba1b11bc0a34b.png
694,62b77beae4a627156251c9d1a8b00c2593f2e30b.png
695,62bbb7c2061ed33b36fa956285204f3f98386e33.png
696,62c365982b72ae9576a816524cf65eb88948078a.png
697,62d03913519a3a4adaff98567b2f8200c6c87e83.png
698,62e10858baa4ce71b1ea29aafe900ea6f895bf12.png
699,63aa06b49d0cd0a0202f50d05eb630cf910642fb.png
700,63ba64b03dbed99ec112fc99b356a35f57fe8236.png
701,63dc3bbbb1f9cafa1442daa2684a063d2eefcddd.png
702,63e06b335941a5121c853add170be251eef35f40.png
703,63e5e3f26953a08e8240d9ef54a288364effd8fb.png
704,63f4e1760292aaeb53300c0395fa6c217cc82f28.png
705,64ca32cc1114eb22f2c680214fe2089a114c5c42.png
706,64f992f4bd0695985345437b5c3fd042a474d4b8.png
707,65b2c32a1198f4925d2365acd3e86825ac526923.png
708,65b4c4f70f0fa42df1b4ff3e7c00fb66474c9ef6.png
709,65d03ca8b28404377562de6fad65cce238c26e74.png
710,65dc6ec4de1698c1c15c1735e78eef3e5211310c.png
711,66b3c5f535768eda5727e2990268847ae8689050.png
712,66dfc7b474912c9a8910a9e74b7e951eb9875113.png
713,66ed1c2207554338e0111562c1069486425592fa.png
714,66ef09e96be1172183ec54b672fe2f70f52d7fda.png
715,66f0bbff7befe541a915d6481575b93612aaa845.png
716,67a6187106b5e766c0e7b8ca0537697983d19fa8.png
717,67bf4403f6bfe43043593839bb902708ea6df2e5.png
718,68be6a292988d4af5dd2639bbff24054fc9c1d68.png
719,68cc7630f5755fd3a287ab2b176e8caad3d2bf73.png
720,68e8d54ff38703712e44c4dc9e7befe6d0f4c4f2.png
721,68fa850233ac3b44eab057549d8a8cfa8cbcdec3.png
722,69b529c6a59eaa3c0c83d2ea1ae5c6fd2c30df44.png
723,69cd419cacb05d1c1d97f05675afb33acf4c7deb.png
724,70bc6f0d1c4cd214608a6ec76b37beabc531f92e.png
725,70e74e364540e5fb8a3a7b7411ca3f8b2090133a.png
726,70e36059049ff2d46d93a8cc462d9257eee48701.png
727,70eef5305c67e719fd3cb156d7445a730e164458.png
728,71f0f0a271249ab861bce7bb532bf23de4fc7a4f.png
729,71fa0d34a7fb0023950f3d63dd0aaa329486eec0.png
730,72a3ac23df19407c0a6c815fa004ce6ba341729f.png
731,72a62f85ef4b01dea967e0c9d69f2de586ddeb41.png
732,72eab40b866fa5ee42e387dbd71a4ed27680bb62.png
733,72fc788604275f4d166b0378fcba10ef5dce7c05.png
734,73a8384f261f251483aa0c6621bc853359141d6b.png
735,73c94b5e53e92231844f7798202be6573e7fab51.png
736,73c8579c1490c28473508692fe7766244780729e.png
737,73dd2cb64bfd71730b8c66acc0138db49d6e7760.png
738,73f5a0535bbee6fcab1b4f9b21a3f5c090d1048a.png
739,73fa3c626c15c0999276324a0758b0a940da3ff6.png
740,74a9ac3e5cf772c2d663d6062974e790380bf9d0.png
741,74ec4565eb6569c47dc95cde68f6e50670e7a071.png
742,75a22926b642cbfb519ac1015463fc79ab250c3d.png
743,75b0d9eb369abf3107494c806c4798311c60221a.png
744,76a53526e20b37c2b911025db92e4970abf22521.png
745,76bedeaebbd85a818291b9a47ffc974a6b58ae41.png
746,76cf60bab03fa371ac109346740f44e074a4aea7.png
747,76d25049e783d0deb58baa74e61286ec3cf7e7b4.png
748,76f2681031c13462cfefa55a783cdc920f25be1b.png
749,77baa3723573ac0e610623bb3301c19fadf9aa4f.png
750,77e1f2c80900a974fef16ac2083fa35eb550c0db.png
751,77e41eae83a91f9477a1451ce80c49460db45a6c.png
752,78bb6c5c3d5ef8135bf960de4ab54b681af78914.png
753,78e25aa9e7f872a6b40c360cd9b5bf4a2489887f.png
754,78efe6931600a2719924807f914d8dbb9faa9b38.png
755,79ccf227435f7be521c570e28b66f6e2ed8d6842.png
756,79e1db4dc1ba2198d5a38f1d3420a0e033613048.png
757,80e7a62a7fd6e0e62b4d224cf9d68d30123e5add.png
758,80f1c425abe2935e32e3e348cb1c7d6ecb243609.png
759,80f750aa763df0c4502f206991760f3d7d935a07.png
760,80fcdb6e47d3c4ec8528b41c9109b0fd0d5204a5.png
761,81afc6b736ff19b916144a9faf3f68c7c0166ca6.png
762,81cd80dfeb2f05978ee9cc8cfceefaf883c08f1a.png
763,81e9c3de655fded14c40f12ac3c97e3866b8de2e.png
764,82b03cb37931c2754d35793ce2003153dc8f1f67.png
765,82cd68836786ffeaf01d1101447c3c70a32b96ee.png
766,82d9df422a00ef7d2c3858a13fc07a0e52255659.png
767,82e196d0c50367c67f9d0789195d5aae2778b6cb.png
768,84cdaa366872068a7e46cd7e5a2e8d3f63470597.png
769,84d35d1d1f1326cddffd74695b4cbfe8a58a7e70.png
770,84e76589c6765b718db561015ddcb77bcdcbdf97.png
771,84ece1d80ef9e7503522983a0c8749af2b4b875f.png
772,85d6e73e2a64ccb3e971e2fbd3415d361321c578.png
773,85dec85430c5ab0b3884253a6f92ad173de823bb.png
774,85ed8456efae4673ed0305ec1ee24d1ee1ea6317.png
775,86b4a43d6dd83abc750932be897be13798edf34a.png
776,86e774326b515deda83f066fd05511e860a9daf1.png
777,86f991035e845ad3ec1f0ad5726fd7b24bc6a226.png
778,87bc665168eb4d0b48994effa054eb1cb9a4313e.png
779,87c4bad83b5da7d35a53e3e4ae3d5b5b9eeb9d52.png
780,87d0d10d47de6d72af75d8eb2426c7cb9b857ae4.png
781,88e6afb12104b2fb4d1995e31c5e3980baae3ea5.png
782,88e715fd925bcd86aa642d9ef7e80fe62861204a.png
783,88e95566ee4a6f55458e3f91632d5239c0f462ec.png
784,89fb560e8e51b57e1c533be290fcadba55940e27.png
785,89fd970c2803d8e781350db267daef37a6a1b313.png
786,90ac965fa198fbab7da33f9aed188103df75fda3.png
787,91e6b7728ecd9af8fc26ab8abb89785e07e0be55.png
788,91e48b7e46612621a88799c7291b9e3b62c34f97.png
789,92a264a42d51ce3cdf9693282c7c271171e3a8af.png
790,92f160d5dfe876128456e089dfaaaf1cb2ec9ee3.png
791,92fc1939c27c399274f264e041b979709e9ea756.png
792,93c7dc749f2ff88aace02fe475398c7ca8ee5e27.png
793,93cf4fc1096f8238ff703b0df1be58b2970f1406.png
794,93fe43e1724897ad0bef8699272f400a90dd9bcc.png
795,94bceadb0f13c5e5cccbd1b5eee30c9ce9654664.png
796,94c25104f9bf62ac2633124cb376f547616c00c5.png
797,94f2990992a7beec115b4d9e0b523cd474280517.png
798,94ff8170c245bc9901f333b9eff22416fa51283f.png
799,95f627637b95a35eeac833a990f4d8c3b0ff6efd.png
800,96a1e8e3a43c85c2fd96fb379ebe8b6f045a8d24.png
801,96bf228d60c90edf02f6e45a866e88181d54cf1e.png
802,97bd7eb13883911e0c8dcba52178b14c60c48fd3.png
803,97be12ce0219406671ee0eb46cbc076ec3899c86.png
804,97d5597c304d703d3e75ccc77a7c87048a1c4d65.png
805,99ab415b7913f5b8bb6c884d2d9843cb5f0f44ce.png
806,99c35808bb73cfc8971f51a4b65e73c168f92c81.png
807,103d1047f21686c606ef9653ea156026602ed5b0.png
808,106e99b5e50d85d1216c50fb927974f7f3977823.png
809,114be1c282c94fa6267b7782dd48264802d5769e.png
810,116c18247b15fef1ae00d39be22f8afb3d907b5f.png
811,122c0ded5f8f060c108dc5ea8a26ecd1f58861e0.png
812,123c476ce8f2a0b4e61e2f0f5521f8acda4b4ab7.png
813,124c37ef5e17e73659e3ec2ba072e4e953405d82.png
814,128da1e2b5565715a29296b76633e01e9fe3d3f4.png
815,131c42306625b1c230cb7e1976dd31de886b94eb.png
816,131d10f6ec18b2b8deb6aa450d07eb0a4c0197e2.png
817,139fe2576b4ef231203066cb781230671c9b44b8.png
818,145f019f2e6947b6d7e03b1974cb9ee2ebdd875f.png
819,159af336862614e4ffc7ee6825a801142d26cc8d.png
820,174bffc8bb2dc078912bb16ccba3874e90c8b8f3.png
821,181e3d9ef953317d14dc59966b7b7fddea8d7b55.png
822,184d95ae9b2f8f92e299398e0e9451e5ece3b3bd.png
823,185d0483e3627a4e640d1381a75281a3831f06de.png
824,190a436036db9f094ded3f31cd1bea03c5512b1f.png
825,190d6a159ed0c77c997c5dd4e07e4b47e81b84e2.png
826,198f5233062924f0e9759d322e0631165d41d1f9.png
827,206f203f4add2e23b3a14a7c9b77268416704c0a.png
828,207ac9ff6b479d185d421ef7c31217f4a9df738f.png
829,207c6ecc1dc77e31acec0546960233c6af156b47.png
830,207d6ed493c78c2d43e980ab0ac0ee3c0ca93402.png
831,209cb687431f1455215e87ce33d64bdba128d316.png
832,213fc67e6b490ed7dbcbe59742440c5565713744.png
833,219f2617868939682dfea5f0c675cdcc0514238e.png
834,226bf090d923ae3aa96cd71f47791590cceb3321.png
835,227a0a6b3922c315de4e3de8e8f9c5f81d8ea350.png
836,228abafc7a80e78a291739d597862de05267c100.png
837,234eafcb90b42d14e8ead1b204194e7336e70a6c.png
838,239ce623bf1ed5834e36cfc20ab2e588fee4cb50.png
839,244d843853bf06bf8d9c7ffc06063d0f5d2093b9.png
840,246c97e154efcf9e1e7b44f6052603ef4f77e294.png
841,257af10a0ec08efd5cc91d7c4d2dea8bf2e8c8f6.png
842,260b0da77c4d4049a8a8c21759312633003ca149.png
843,265e58126026548a0f4233a99fa8f460d80c7df6.png
844,270ba52ca6b5b75abe5f27bb6d11867d6436d4c6.png
845,270f42bc40e88edb9bb05d9d13159e1e6b2c5110.png
846,273cd80395718121510d7d6222e623af4c35f86d.png
847,287dd8a2b492a082a159f53315d19ad28e8d12c5.png
848,292b55768ba6e48cadd8db6be61926e9bddfbf27.png
849,294cd709923de3db3663531982a7569ecd3b62e1.png
850,306e3cc1f9875c6ddd600a02798dd92f37584fe8.png
851,307c461103b90020f890a0792f1de3d2f0be27e2.png
852,307dc08fe18f0bfb451c39ea226c0f6856dac544.png
853,307e4a8bc7f224d466238121d23fd1afced4087d.png
854,308fede30defd26b5c04fc0e9112406e028d1795.png
855,310edda307b1632f472f274fc8f70ce38331dd09.png
856,312f6e8d525dfd10b5d7715d59f488ea83f88b1b.png
857,318d3d03b0edb0f723dd5d3a62f733b8b73d56e5.png
858,319c925cbc549ea4a9424a58b2d8b6b5f4efc8f1.png
859,322ad84b8e81bbc9ae21f6a99b483253a3ee0da8.png
860,332f2360762b3d24c41125070699535fc891ead2.png
861,334ccafba0af0ed218bd683b36ed0b0b33069db3.png
862,339d7984724b40038ce511ead271165035b47725.png
863,342f35a4bf6cb2a6d57d9444b9a2f4a70b8f6dd5.png
864,344bab6ce11b5336d494f8aa1c44c5f5ed8dcb6b.png
865,356ea10e2f44514711b1c7b6df91ee4dd0885ab6.png
866,359b548fbcc84c1912cc47067141473809152a42.png
867,360e05c42f8d4400c2c7b1cdba3652f72681c2b8.png
868,365fd9022883bc11b2a1d368f9315baa017031ee.png
869,371aebb1b9de80d1b6a39668248ac4e2911d2ad2.png
870,372c0ea22fe23354c00114fbd1500e7c9c27b531.png
871,377c471d08f40d8e18915f256c4c7301d2f7433c.png
872,380cbdd1d83c74b8cd0dc071d7d72824960cad79.png
873,389a20bbaaf0bb92ca31b4bd67b4c6619df8deed.png
874,391cf01ef4c516eb432ca995290420c4996b3ca7.png
875,393f78def1a52361a1f58c423de16c60d95ab2f4.png
876,394fc4a7952289834ef4a739e5cc6f830e16f998.png
877,396d8df537c7c65d6a3d9c2b49a41ae20d25a0bd.png
878,403f0fb2fc7aea4cef26f1f5989eda660a650fa3.png
879,406d3f326ffae731f80eecf6884da95b07d490d0.png
880,408ccfa034ad16d46edc5806349d2a79f02ee7ea.png
881,414a20cc094ffe1160389a787d9c53fa8da94c33.png
882,421e2895c1c5d7b665d18dfbfee653b00093336b.png
883,431b26841de6cb99c5d6971443afecd3333bd28f.png
884,448fbf4bcec8e62dc0fefb878dd4dec07c23d9f0.png
885,451d3b8e3cfe2c268f271d8f2ff1c02ed4ede9f4.png
886,458cf6b8d12a9cfa0a53b322bb9fed9bc322f194.png
887,460f040fc0009ec81ac6dba8b087be92e7d35402.png
888,465a07cfed47fdd9b560d519ead8f94fc96ef842.png
889,470de05bb421ef52fa94d922d65e9dc7ffc291d2.png
890,470f538cf026b360db05876a3b26bb656b964111.png
891,474faa72fc1d0c7b8f25a8c6ef295eb03335ab3c.png
892,480a70baa8e2d9d16d758dc260643780e6ba396f.png
893,480d637299d4e26ae38f7182fdfa5db470847d09.png
894,482a5237e9b211ba89622f76d3d50acd748eb2cc.png
895,494b56e8c248c9f37754d20f1e194d00b45c99c1.png
896,494e74fe684a7c7b6d69098100385623f6c90301.png
897,499e844cd5f310e64f6e029a62e72284c795257e.png
898,502b0a80fc4aeaa64e2615068dfb2264bef4f87e.png
899,514afe35657e48a3ef1f428bf1ec18b4ebc46f31.png
900,518a38db7e83cf57829b0a7c715710f9a612b434.png
901,529e818063c87a82c21a309781f95cbbe04b7e4a.png
902,534c4a334200f122c219d2cb84022e15f2f753bf.png
903,557d2d633b368e153713c934e3323e15551b752f.png
904,558cc3bc9e7b3580d1b155576f7a54f848a1868b.png
905,559ea05f902718e979ba084938bf5a4c143b01f7.png
906,566c677fff1b751a04789cf04bb272935476f095.png
907,567ed73dd918b2ec496d79ab16dbd5e3bbd20281.png
908,569ef191acc04aee7db7641351ec424f881891c2.png
909,574c1f0b8164bb8ee0c2515dee085cd49c9a2614.png
910,575d7dd1b49e0768878be74810467e0299e477ba.png
911,576acff469fd19299c647c6257d28036d8bccb5a.png
912,610d74450f1ad6fb63c8b06110086e44e41a8d7f.png
913,611becd5ccab404279a83a2e2731b12d33a4b193.png
914,615ab7934f78a32882a83da709eec1042ea85831.png
915,622ae6817b5386c12cb6dea5476a954457030b74.png
916,630d9b1689514f9fd9a48dc5fc037382b73334b7.png
917,633d2c9038cc147ecc8233ce258e1968362c2365.png
918,637e31548d9cdf37ef80c3281c97fcbd60d6788c.png
919,644fec8501533cb6e6e25fa76d9b51647ab15291.png
920,647beb4cabf73d0d7b0b7981ef39be5f8ccaae47.png
921,649b513bd8d8e5a821aa1984b507bc0119643c63.png
922,658e525670502ca8271248f49492bbf6b29e2952.png
923,658eb53bcc474d972cac9b4c075c362e6591c39c.png
924,660d09d44a51d414beda81723076517b31e5fb6b.png
925,661e4cfa0d3dab85bb57909c05b55098c56a9546.png
926,667f0acdd699d0423bd0aafc76c1008e91672ec9.png
927,670e8b4cb4f15c1d9b9853cc00f19cdf9ec67354.png
928,677a11eb6c38123663798a5639310baa193ed0d9.png
929,681cebd23cb0795ae18a6b841542928a074f8695.png
930,687d7c8f5aaf2ba5373bc399d2c22ca02b62715b.png
931,687ed6e2445aa0e0a3b5ac127a33b56c04513c2c.png
932,688e03bdcf068e967357592813293d4f1bc0d2d3.png
933,702c9c4b2b1e44cde277bcd1382824a63c41f7f3.png
934,712b0cdaf8353e6e741f2a9843de5e8f0d4feefd.png
935,713abcf8bfcc66c7e1b690002345fafb46c2a0cc.png
936,716afaefa9a57420a81880ce364ffde58010e976.png
937,737ad6409346325cb57ed9bc26584205216723bc.png
938,740ba7e597775dc30ef93d58bc6b1b105a5ff3dc.png
939,740bfe53613aeefe521d2a6f0151dcd9487c9e91.png
940,742d5043e53636ec6cbdc06a753981878f9f325b.png
941,748d5b0fdc464d1e9d9217d48f9dcb2573f2c624.png
942,749d88277bd2b8ee0ada601a24e2a6fef3b9f08c.png
943,753b1d90224f1afc2f1e563ca96ce518c6ba3c02.png
944,758cf6c3b064b540daf798a000f7206bbc7f7d27.png
945,765fab7fdc63c38882d7b4285e93751b9760ce67.png
946,772c3f3f13d4fdae9419f943a3edb6a3c68227b8.png
947,783ea73e7c3e556a2b7528c5abc605a95fdafb6f.png
948,805ade0dbd1db646f6df37198ebf7709f90fa1c5.png
949,806acf24df812553f092bf8e5f3c289c4affdbdd.png
950,818ec5f9ff465f352ec9923d8d98fd2380f64aab.png
951,819f738229b5dbd0a5d17c12c564e3e527814e05.png
952,828e2c512bd2e576307c2f6a99dbb7fcac044043.png
953,838c926cefeefafcca5c1d061b4e8266b44a00bc.png
954,857ced1ca80beb01ca99cd864d4dc04a8b259273.png
955,859d18cf5f56f7aa423c616dcc6bf424f4536536.png
956,871f587c041be3074f30061f94c745b860755526.png
957,877cc9a96e81e6458fb8d8b93f0dd8f474f548a3.png
958,878df7a288c0be31bedbc7198d749ab0aa2996da.png
959,882a8d43fe41fb474e9e2cee9736a3af6bb0277a.png
960,888a0491bd4513722e79f510e821dd5917d70f24.png
961,889f8f8dceae933c3ae88facc72ef7861350f53e.png
962,890cae5e5ff24e1c1eb1acfca83ca0f1bf13bf1f.png
963,891cfb4f72228ff3648f01d032a8d8cb1182833a.png
964,894dbdffbc5196b14678167e8c126255e40b3bc8.png
965,895ed6d066a9bc1cd958a2caa9c430a521f7e9a4.png
966,896e78d05aa30d9aa4bc136a48bedb9f9e392566.png
967,905d56e897e68f2e0ee96957e563474b9ff13308.png
968,906e504980147c9edde73a3d809b368386937002.png
969,911ee04f1bf900a93290ea7073abd94fb97a203c.png
970,932ce9ead1fd705e56c9af95a6816da2edf2e27c.png
971,937a2bb5caf67d6a4d22fcae18c0c99cc17ba52a.png
972,937bcb217fddb6c8a377836074ae837a14e0fcc2.png
973,950d911e93e538ab91fc56e9cd4ac11d43d99c95.png
974,965f1dc1025000354c4f65954068a864cee24595.png
975,967ba89d73e58bafbf0fc3a0f33398c1ec205cae.png
976,976bcb3d579fcbb9bc8a4b50a6696586fa162752.png
977,981b8bf8a72d93d799740c33858b73a50e38ba95.png
978,981e4aadefaa79925c95aebab5e9a61fc1d40343.png
979,982d79173dc2e936ed1e7e3c5afa74d6ea683a11.png
980,983ffa5d563f6e916cc8c137373d686e555e700a.png
981,989cfdb900165e8e4c114ed2275b273bacdec6e5.png
982,990b971fa22e2ecf6abe8105bb61074d4d068388.png
983,990d88b80b63b037ae83ef3401ceeb48c3c9d81a.png
984,991aa05f9372d7c89cec1a6177ae681d5b80b221.png
985,992b77acd1c9ba535ac9ac33dc171deea202a42d.png
986,1068a7178426a2e6d0769336560fbf676271f7c4.png
987,1174b317c400e62e7540005d336eac489f693521.png
988,1365d76133d2c33b40eea0124b2b8df096035672.png
989,1370eee4752a7ee975ae243dfb4a4e988c6d763d.png
990,1381a67d99e5fa9adfb135eec33e6910585dc622.png
991,1430ae66414d6712ba07a5af4141af39a09ee961.png
992,1448eac532aeaa3fbd75955863ba44f5efbd0a12.png
993,1558ec85e5f51010a205a608144c87be03d65b8c.png
994,1591a9fb22ed443548d596dc22dcd8525c8429db.png
995,1625e00a69aaeddceabbaba65b78eb5f2e8106a9.png
996,1639d4b669ada8ae6560156cbb70f205cb2ac9f1.png
997,1735b8172d71926a3ba0d11a57c05f69fa60d4a7.png
998,1807e98320b92a9e26a2a7a976c838bb6183dff0.png
999,1815d502f42c51a6171663e7dca3747ce32e5880.png
1000,1854c495b6906e3b40efca43d674bba9f622bf67.png
1001,2025bdda8da96c015142f1c00b45000df3a40868.png
1002,2087ce9a632f0856542f35d6a6631d8fc976ad1b.png
1003,2089e53fa79dc707022d09ecf3b1545d7eccec45.png
1004,2225e8d3d202593c74b2df2dcaa1b7a9413e474d.png
1005,2451efd8b034cab5dd84ff2b39e2de2ebce289e1.png
1006,2492e9f07ca39617cc8c2a7739c8d345f7233b09.png
1007,2497d61e749ca64965e61fb3e6bacbdcad5cbba3.png
1008,2548eedeb2d57722aa648ae3ff58e9e3d10bd578.png
1009,2558d1e14f334d1cc501dd63ec1226a65d9758f2.png
1010,2568d5a0a2e600944249c591ff43251e4862aa18.png
1011,2610dafe3e9cc90fa5e81befad0e0d537f376076.png
1012,2725ac53950c52b96a3e9910ec90a9c8f7c1a1d8.png
1013,2804acf71242fdaa14855ec5e4d545e17be32f56.png
1014,2871ba1f6ac77cb68233eb61f86630d0c4071101.png
1015,2885a0141767653af012a4fe742a46c5fa637eee.png
1016,2941f8611c75cc82386ae2e1a33bc9980d417b81.png
1017,3159e3b7162ac3a9625759eace09aa38e5ec6d86.png
1018,3197ee3a39ce5e1a060a3a3feb517fe794028c45.png
1019,3246eb1406015eafb99d9377d4bd48ff8a2c5816.png
1020,3309b862a57d8ca58c7b93f6177d1c5dacbb0465.png
1021,3407b351db25a0a54b202b22617a88a597d64fa9.png
1022,3416ab807d42367739b69d7d3111a212570156fd.png
1023,3434f2abe71d61f94ff52742a6b1b0bd85fc3de4.png
1024,3712e7cb4eb7507ba01d6571d42fb368a7a2d2a1.png
1025,3901a50d8fcf47677a98b9a4ab45809aa62d5183.png
1026,4368bb0ca6505b15647535a0ec63b474b3a4fe67.png
1027,4478c495052986143f93ac04e81acecb719fc409.png
1028,4522e51698ca3eca6f5cd7c1965faf9649d2762e.png
1029,4550e6c7aaaae8fdff5f52b2670711e8a5afc8a8.png
1030,4578ea61254e1fab1134c9b79239ec9d89126f37.png
1031,4579d71a27c6884da3665266dcb27a8d9e7b42c2.png
1032,4636b36e4cced88a524a1a4d36947850c34dee72.png
1033,4884ddec336fe288adef92a4e4b795d1b3e7711d.png
1034,4885c5000a6c01763827fb8884abf132e6a00ae3.png
1035,5355f0fef6aa8ec4e6a4a36ff00d0fd4facc882b.png
1036,5625b77098c647cc86bab3ae506b158288509489.png
1037,5669f87a9b0d8ccb39cb9c55b56ac156eb22c196.png
1038,5705bfd0ac0d465c0ab372f26282ec80df9ab1f0.png
1039,5721ea18c53b142e229d95c0a38f19d9ff8ecd88.png
1040,5847ab3053accf8e1b6a3160da69f0b2576eff42.png
1041,5862d304ecfaab253ebe86b5204f242e8d2ce30a.png
1042,5899af44cb853f139b9dd24e9dff246825b5263f.png
1043,5959e9be732777eddd1b7a99802e3b2e270d0c48.png
1044,6043fbb18d7907091f46da0ac888323ea60308e3.png
1045,6105bfb7a93c653de397a1804d6789200d40b5f8.png
1046,6130f67822b9d9f5a71f785e9cbdc4bb1ad04930.png
1047,6346f93ab9daabe45271db8c682d9e66a6f0698a.png
1048,6460a9d5e5c0bb5cb80eb207fe2fea5a767a5df1.png
1049,6530de6c15a7e9bb6bc7567d26c65f4d965d51c3.png
1050,6584f226aa3dc2aa8c06f60c9c631dc2b6146b7e.png
1051,6794aea1571192b516e87222b8c1bd1151542909.png
1052,6840bee385feed3b3008182202e606379ec01753.png
1053,6846a2b484eebcde41b8195280df0931a420afca.png
1054,6960d47b3aef063e3b3c64a5f10c75e4b32a54e6.png
1055,6969be5fa8777e0cb89b50071580e02ed01458b0.png
1056,7030c1a7f7a7efadeaad4282d03de64bd8efa7cc.png
1057,7045e7b58e6bd16f6b5237d7a42550e25045915e.png
1058,7209fd2f15e2382b0bd654b23690cd789b3c00aa.png
1059,7235d5f92e12038783b2b9933d73b625fcc3dffe.png
1060,7513d322673c284d582b4a7e6ffe684f8a4b1222.png
1061,7529de6d4a896cd58a21bfa2e0364bf703fcf7dc.png
1062,7537d24c079b7f46b32a5b383b13994402fb31ed.png
1063,7646f73a0f73da9185ede132a5df0f569e16c758.png
1064,7720ec0d8f526b042318a3696334aba5bfe80249.png
1065,7795f3d390ce30ad0d871bf5a8638b15ead28281.png
1066,7841cebceb2867826533e6a3c4a7f654279a8c60.png
1067,7919c6e175b69545e8172c7c16c183146075b99f.png
1068,7965baf8b79abc031e95739292785e41db0db59f.png
1069,7983cdd7efba4d817db59b0645eca357d7924d9d.png
1070,8040ee4e964cea38e9c640ebc633d934cfaa14c4.png
1071,8095d475e4f0248384ce01857440cead798541dd.png
1072,8238b42128c711f6fa4b544905a5715a0e1d19b7.png
1073,8245ad210de84139ea0a8b800a82d2df44d04089.png
1074,8249cb485779cf5104f4d0dac2a129888f4faf1e.png
1075,8256c94a237725b7ce4070b30c60fa03da382b47.png
1076,8474c5226031b3d947fe701afd6e7536358c7091.png
1077,8513e0eaac34bcf2356585ef06cae10f91fd25f7.png
1078,8587a3b547895f067e10c3dd56825b21a2851458.png
1079,8639d835ca391c6eac9e3e746ffb1f9880dfc4ff.png
1080,8689ed066abd89e6e3db127fd57037370905eefd.png
1081,8757c6bb2cf253fdc97bf420ea3c292d42713430.png
1082,8776b73dd26c4aecdc2a638e50f1063e2cfd6005.png
1083,8902f34b1350ae38063a89ac986d14f233674b78.png
1084,8904bdc5636012444971b332697a588d2d5f51b1.png
1085,8933bd70e285f3b6069ff3717574cdbae94b2fd5.png
1086,9017a1255a711b5c3f96d920046b2269ab8ddc91.png
1087,9018b1e1cf07ee90da7c8b7dfe4d5de0d87ea75d.png
1088,9020b1c35bb989eaf2817e787c5c84596a8396f0.png
1089,9082ca7ce84e58790ad58c33ab14360748d16dc7.png
1090,9184f836fedcf6243bdf6a6ad842953f4ceb5a5f.png
1091,9295e9f67dd51bb1b4fc9b07b7b4a467eef144dd.png
1092,9351b29956dd57be0075dce32142a8c3a205a762.png
1093,9648c5d0adc6d35b778a5d30d8b850b6533d1c8e.png
1094,9652a1796b1bf998b67c8c65733c9b2292c837ac.png
1095,9745eacc69b5a12a3ae91ca4a9fa28ebeb921389.png
1096,9896db5a0fc0c140d7461553db049a15dce70bd1.png
1097,9896e622bfa16007e6fcfcdc8afd14e006948955.png
1098,9912c5d6d5dabb13b41c567039f029c43832ea2e.png
1099,9953ee29764a7ef653c1e16ca8b5bd161f8298bc.png
1100,12187c64d60dad6ff58adf9e87f83526a5f5cf6e.png
1101,16122f898db10a41990bb31234a7b29b6bb084d7.png
1102,16571f70a4314c91c65dcc10ca92f49e9cc7eac7.png
1103,18561ce8bf9ca787086da8519bf973ad86635e60.png
1104,19547ea02a41f5bce78f22351c737ade2ec2d4c1.png
1105,21255f19649c2bbba1c3773f1086cda071603b53.png
1106,22654a3df65e663ae59ee45620ddba4f82366df4.png
1107,23896e847345f76a3f851ce80f90415816f980c4.png
1108,24408e089b70204e9e6a5087a6ddbb6301806e6a.png
1109,24654d7f8c84ae4a3c577faf08d20731380e225b.png
1110,25259f736776f438d66aef41b5cbd00403ab99ce.png
1111,26410e2cfb8a70f85db64d88f512de61ace7ede0.png
1112,26734d126b4cbab7279ae661bff2cb92ef3bbe07.png
1113,28313dc48a83e36fbfcbd85ed772199049de5e18.png
1114,28438f583b96ebd14ef1eab14e3d366219331994.png
1115,29015fbe52788007c75791ee5bd1fb8cc17abe9a.png
1116,29794f86f6b6669265ba53de99fe8d71644600aa.png
1117,31504b82b8ee406b8cb10b97692726874c3c96f9.png
1118,37961fb25dfe42796b499df06a8dc238c2012fcb.png
1119,39735e86a76fc82b053f58cc12e11c26801495d5.png
1120,40112c56a47c505ca223cd156b5cc47aa75f4918.png
1121,41159d3e891f61e497a83c1f3dcfb90ef823c798.png
1122,42106efbbd6c3694655d12733347046f7886d1b0.png
1123,45562ee803cea7b7c383846a60ae7047e9f4f735.png
1124,46224f8fbb1e172e7b6f940ba064c9ae13e9e661.png
1125,47554a00aeb3338f4269f2ca4018d396620540e9.png
1126,50275da5c12d6abfb73eab926eda1b6a8f5f6396.png
1127,54223df8269a0804343e3cfcb54f75d9f25b3c2a.png
1128,57298ee6bdc9e6019804791aacadd437d21a923c.png
1129,57694d26067713c9693fad8b18001157ff898e47.png
1130,64741ea2ec944c8b8dc1faa57ea803f372c977b0.png
1131,66828a8e91c559521d3ba6a9cda58640036fb2e0.png
1132,67119b192340deb68ac6f2c98fe0a02ae18fca23.png
1133,67562ec05cc747943eef34f4db62173f6094568e.png
1134,68773d25791d80ef51c282b5b6a19e82e4e6818f.png
1135,69209b15523983c118edf50ddee5d727eff96e04.png
1136,73778c308e11a1d1607c1daccca68d880143e06b.png
1137,74308cca38a190ec7a7a85b8ad986f560ea1a6ac.png
1138,74526f290687badc9f2929740e914506cb25f128.png
1139,79331d4cf9a119bedbba62253d8d67c91fde63e0.png
1140,79372df4323708ef341e9247a09f4ebdf65bd42d.png
1141,80454a0fd48f1ec6228e4e9d2dc84f74c7002550.png
1142,87803e3587929afd6240eead818be5434cc501ef.png
1143,90503e7164ea4d0182db674e04b0c6e72d9ef611.png
1144,92453bf26b84c5ccaaa11c5416107a5aede57417.png
1145,93644c2bb8bda56d80621d15cf5a680fc7b31ec6.png
1146,95619e654d41bd6e618fd045496135e503731263.png
1147,98310ef8089506f114c3321e9b22f6d74435f608.png
1148,131124d8f704f8e0882971bdb83d16c058c9c2bf.png
1149,142203b856f89b783138e189d58f1b82d2796299.png
1150,146231a8bc83ce51be107882e40e63f73a7e78d9.png
1151,165783d18de16c4a65f24cb0b82c87fa0519f0ef.png
1152,188960f9d1411b85b963157e9e2adfcb4f8b231d.png
1153,189469d1293a5a45ad9a29276289b5917362e663.png
1154,198734ec6af3335811fe4469bd9be7f6d82cb1b9.png
1155,316182ec8364741bb006e5e76bbd8a0cac313809.png
1156,324481f81b28abf6379842f463a250db8e969cdb.png
1157,352386e8ea0e285fa3033b473de08cb194a4bcbc.png
1158,369401fcb21bf3d8c1b922debdb191285c7a19d7.png
1159,436294fbd167fbba7b5adecfac5215ab32adc248.png
1160,449368b818636925592621b4f14b643bf6302dba.png
1161,475627ccadc3595402e4dbe3e53efdc35c86c536.png
1162,516992ba8003fa91462904574ef52db3c563a6ef.png
1163,521354e33acf02debbe483b920e46d3b4233818d.png
1164,625191af2582ae71ede7de79587996f688a69fe2.png
1165,625571ee1d8ccf1f8f9d38677bcdca230f2434f8.png
1166,640875fac2365c8d638c4f0d0771641b5460ba36.png
1167,664822a2f46e1398f3b72c406899a7f09313889d.png
1168,665562ba33676a4a3d4441092841974f74c60239.png
1169,711601b2884658cccc636ee5fe293305a3f7e9d8.png
1170,778058d8f905c1f5e5a774d61ac6e243e63f46e6.png
1171,789697f07ba8c31871f3a49331c32d865bbd0525.png
1172,795282d57bd13d7cd8260ae542ce1abc3754ea1d.png
1173,803904e15f84b7d38c85acb55452e6a5382c17f3.png
1174,837450e91430d73256074096c60b1cdea32a48b2.png
1175,842202d71d36c2e777fe410b1280342a28aeddfb.png
1176,865730d8fc14847a2cbe0cb1ecd0636c4289319a.png
1177,906054ebd7fead58841ff874262a2b2b995babaa.png
1178,927005ceca101809779df94fe84fd30d96fe6837.png
1179,930852dea9ae370627a45c43ea9a54e929a30d3c.png
1180,971248ed75b7adfa112bf97b7c77adcd521961a3.png
1181,1081785e9d21b036cbad5756bf600ecbf962db64.png
1182,1187053a9af74c5fd842b60dc82109dda1c7b522.png
1183,1637910b01935f2036a3ca883c10e239a5c5a3e9.png
1184,2770327e648e12e64aab880ea36cf30452ad0cfb.png
1185,2909978b5b5e95fc2e081792c4ac0b62f0686ab0.png
1186,3330532c161d37341f5d39d652c0f113a20e04f3.png
1187,3348910a8364b6841750748639a94cf9915cf2f4.png
1188,3781313e419f5161c6a23c79301395882516f9d6.png
1189,3991206ec5ccbe744ea1eeaa9704f234b6cb9c24.png
1190,4265011da0dfc4ba7ada83e72a242a96e36a09c6.png
1191,4283113bb08de70743087ab3c1b35a0f5f130d19.png
1192,4430674f2ccf1ddf46d2bd5765162d380748d898.png
1193,4831662bc00ca1bab8edfa20b519837ba0cf262c.png
1194,5216523c0c6f15e24701df51c7da398172bd8912.png
1195,5359650cfcece3f8887aebdbc0d018556aaa335d.png
1196,5544848e700240e05f80332006f173960d180c76.png
1197,5784276a40f86ce81c33cfce15ea96f0901fab45.png
1198,5899286bd2a72154019cb7bfa6dfa61d467d527f.png
1199,6205812a1a00a5da4b9bfc8aeeb5c2f0b253f266.png
1200,6502753b2fbc802d64f88dcc202c44e8ef83e6d5.png
1201,6973269c30282920aa35b05ac7d2ae52163e1c18.png
1202,7037926f297fd84555883a8728339555cc999809.png
1203,7356745aceab49c5e3c8980682f613cdd5e9cab0.png
1204,7373481a4abdcaddd43c6ac17e81820885f3a175.png
1205,7595128c8d32cef3b305d36086aa0061c4207b10.png
1206,7665516cb79e23d5b0d641263e01bd3f961e8de6.png
1207,7822598c3770f96edc1ca6165ea1ef5af1932600.png
1208,8628099fc8479ce9ace68f0bc409e5f6e491456a.png
1209,8692909ba27a55d67239ebf5f17638b2deef27c3.png
1210,9237034c53d1a7bad6297586aee1fddf68d77069.png
1211,9372594c3cf847a1b272781da7e4dcc5b8a891ab.png
1212,9630290d33953b294f4ae505f6fd2d80e3a9cf26.png
1213,9987212f118f86569c2d897322c0eb7f073bcf5c.png
1214,12130874a9347eefcf2a959497a0d6c80b598c9f.png
1215,14176636ad3da05869895fa5d7ae81f166710ef6.png
1216,24111432ca75c409ba219f7bec728acf1c7e102b.png
1217,35284451ad839b7ab244a0ad27cce916f517eeac.png
1218,45139087aa171171c884aa3a5bf813cee9de7d50.png
1219,46972414e9b1ca8fa380052b360b7081f01e817b.png
1220,51997699abc6a55252dc6c9093de92a263071f51.png
1221,53474413cd0835bbebb7251c722a2efbb83ca430.png
1222,68522020e36454a59c9be96defe369cd325c04be.png
1223,68847836dbb7deb276f51dba99e056dcf3278ad0.png
1224,72405733a9e90614024f61fed0acf98a4cd0ad44.png
1225,72430969d156bbba8753a397d50c5afe4d89f0bc.png
1226,79812795a4394427fdb7e02c01affc9675d8f1dd.png
1227,83254206acccf1c8d319717abf7f76fbb12c783e.png
1228,184038249d8bfde70e55377a3acea81700156541.png
1229,197040336cc1712a963604f6be67e3a5fd15844a.png
1230,353586882f62853d1a7192e2178c815da59206fb.png
1231,368124449bb27221306983c92a9b23286bf7bea7.png
1232,474663851b9f3f43b0c19becdfbdf9f1ca33452c.png
1233,651526129ad272256168f5bccf52426d6783d952.png
1234,663955708f9dfdd172a018e24841d1a83a6d187e.png
1235,754535106a3e34e2d53448f048e68938d2eee45e.png
1236,871731574d7e2a2bd558fd97b6bfd19b2d3d3176.png
1237,991617234dcdb8fc2685e8d2017b291c3373c0ce.png
1238,1847933440e7a9b69a8344f836f61dddd17f3a0c.png
1239,3968323755f80a03f035f956f078ddcf2c151dd3.png
1240,5483287999d11d840265c873d28421886ffd741a.png
1241,8798735291bb2655a4f7327d79d3b94504f6590d.png
1242,18041004584d797bcb6874261035032b5abda265.png
1243,21026407574b2669d2b829fd43e45880e8b4310a.png
1244,45428636778e9853eb5c534ce171e769933fe3fd.png
1245,91033342565b2add09dd5ae24427c30fd6bceda3.png
1246,98246247178aed2727888f8de80e364bbcf016e4.png
1247,249470633061b195b07c366102d2c2d84a7d245d.png
1248,683405018598b6c70de4396fb32764e59c3947a7.png
1249,895137889680ad610fa1460515a02f324dabe6b5.png
1250,4379146154514ac42e5a1a8a0b2db70caf8737bb.png
1251,89666356065773b4317a581bddd891f5e6462ab2.png
1252,a0d3a9386fd0fc8bdc650b37c157e72f3f73eec9.png
1253,a0d4c9bc031a3ebf4693358b9bc502bf80575345.png
1254,a0e5533238ff36c78e1ab17d2e7cdb1be55ba268.png
1255,a00cc8935b4f688a238df9307a750930dd5cba64.png
1256,a00dc42c746ed6c8fbe561a62eb6fa9eee08943a.png
1257,a025f12b79e87f46da344043bdc76ab95a65aa25.png
1258,a043770a7020cb49eb73f54243748a546cb2f76e.png
1259,a095c9df9b1f159f338093e6dbeed4bd172a775e.png
1260,a096a155c50c12314a42270e1be00f2653b2df88.png
1261,a2a1602e66d6a340352316b45ecc30523595ae9a.png
1262,a2d0e9b9e99a100ecd7c2d3fa78a0b2e9abe8f70.png
1263,a3cc6101ee5107f28fce0e19ca345a5b67526116.png
1264,a4a74f05dc9074107ea5718743b565a592a813c4.png
1265,a4af91e45cab741425bbb901043ad4de6d2a3ad3.png
1266,a4b4f1f68b8007bfc16d13c3d40668fff80c18e7.png
1267,a4bb79bf2a08c574f5f8b97adf92456a2880f97a.png
1268,a4c0a4a99107d27107c5cf5d409fe47bb0213972.png
1269,a4cfe6b996e29b0321a627118d91800c48737b94.png
1270,a4fa94d6d7f1abc46a948ee6a942552ebd12b1d0.png
1271,a5acf39d19a6f9851f42e4b332005bf3c613aee8.png
1272,a5d9045e6b3372beff113c7a5907c89598a1c291.png
1273,a5f7ef807e0ebb941d56bb905bac72ffff65efa9.png
1274,a7b9b907587dae7d8954189c5777c16358ac14a2.png
1275,a7fb35276978f28d264e81b46b8a5ef82aa3c193.png
1276,a7fde18e242a57728a8874ed95d61b794f1eb0ed.png
1277,a8c08bf0001d9eefb74928ba4e90440e9a4d26fd.png
1278,a8c8253154131362c05cfb0d3d625722c538a93a.png
1279,a8da1138ea6e0b07c914cab24aea911e5514e681.png
1280,a9dd762e89f9433d0affde188df30e59e54ec7fe.png
1281,a9e06dccc7c8f119cf82c15d60fc6e1eefa7de9b.png
1282,a9e5a3171feb93b7c83ab9aab94fbe8e19c1d1cb.png
1283,a9eabea0f7440354aa88a5ba882318a2e84cee06.png
1284,a9f9fd284241020b4b832ed4814c458bf7703b68.png
1285,a9f502b59baec24d4d3aa4644e78f7bbf7d091b8.png
1286,a16d30c0f46b3b26d3dd4749cef991cfe9a851a0.png
1287,a38ec68ca09b9d40e4033bd3a699737abc78b7b8.png
1288,a41dd25ab860f29e0018b59951bd2fa447374bcd.png
1289,a52ce6ba49890990d825d8ba187cde8eccad8eb3.png
1290,a57e317f01a229ea2c06a0a8a1dd9e8bafb0df92.png
1291,a58bec67b91ed89a3e844b6c9fa9b8221afdfeae.png
1292,a67edcc1c21e3a24c95cc2eacd891c8d4d6d3871.png
1293,a68d4fd1058ed6da5ebf86788eb98f8b91cf58b7.png
1294,a68e7168b907e2f40fcbf7f7acc7a2c518c9f4d2.png
1295,a73cdd9ffc5f47bd69cd262708a73583c6f53a8b.png
1296,a89ca0d50b9cd2bb93c6d3ed9168a29994945098.png
1297,a90a9b90f99b50fb6221b74e18df34defe204245.png
1298,a90fa7306a87518f29ecdd2071de04edff482980.png
1299,a91ab2a78fdd030fca9a4913a6ab7d7677bffbed.png
1300,a92c3161225faece00a5a7cc1d19821b45003ba8.png
1301,a110f583cb723753ca28ea84644b55a821749f8a.png
1302,a120ab8a13589fcee20b8f336260f1d41fd9590a.png
1303,a187da7b401ad246f1b35708fa67a3448c7b988c.png
1304,a209cf3320209db77b5a6c0c25eca41158e72a56.png
1305,a228abc07609204ff3fee118d7b7c37705c2fbea.png
1306,a268d0f344d4e12b700d2ca1ed905ffd6d657ca8.png
1307,a411b25ac096cd97f820f436c9e444d316548394.png
1308,a434b396441921ee72ad3a0ef889a30268a3db29.png
1309,a560c100af8f43b863292e5f656e815d6f75fbf4.png
1310,a565ad6a083ab7be69f421a767e0db2a6c4a0edf.png
1311,a582bfe597bcab2c65a6c5a517501e77bf79e648.png
1312,a671c4e06553c4f52b14d74da19edd491076f9af.png
1313,a713d1c97148ebf4f9d4df2fe2c3f351d948a87f.png
1314,a768c8959371ec78b500dbb7af27f90b10e0cce3.png
1315,a1005e60ad457215f90635781fd34344155953c3.png
1316,a3365a64332e7a53ba94637adf568b4264c329f9.png
1317,a4943d465a1483cef6c23b5a313837979cfa5fe2.png
1318,a5331d1a39f22b1eb64ccfa8dd7a2d6b63770d60.png
1319,a11553b6d0a89fee851635ffd2ff81193f87ee94.png
1320,a24012e33f72cb794a4f1751b5a14dd41da54f1e.png
1321,a46151d7db9516e825496601d314cbf6ee887ce2.png
1322,a676473f73bc8058539a241c4e15862b78f76423.png
1323,a845431db3b9e9f0e8a106fd2d92211f455d2d5f.png
1324,a244205988a656b2c4fa687f5d99e0ae58ef776d.png
1325,a800473916008ba4afb6e659694cc7ec2599906b.png
1326,aa0a2055982ca1037af243c2ce38440197e36c82.png
1327,aa742fbc441e2aecee8ce3c89fbc1ac35b0b0f85.png
1328,aa1353a115500943f03bb9f52b4095de6aa37b53.png
1329,aa9572f01bbe8acf72d870652cecdce3ae8928ff.png
1330,aaa295b6a7039bab64be7fd4919984bcfb0628aa.png
1331,aaa671c99790728e9ae1868ca00808a22fb3cc42.png
1332,aaa2500274b0f28d1f7231110e19d92bf315346b.png
1333,aab932324953f23b46854788d7c27b166ed63990.png
1334,ab0beaefa2b362cc82ef78358c5d68d4ff4d36b9.png
1335,ab033fe1aa7d89d8f2d40d40aff3ecb5e1d539cd.png
1336,ab1c2a920c3464156e66effe6532bafa21c88268.png
1337,ab1fbf94e5e2e169c41c722a6535d27640fea6b8.png
1338,ab4debd769c86e40c7cd287a536c6ffef9a3c704.png
1339,ab683e71132dc91c04c6784644ed71e7e35e3eb8.png
1340,ab2758a4da8e8c1e8233c7da04744d3209d7da56.png
1341,ab37437d642e6b4df80fa80d082732e9cb5da9a4.png
1342,ab60578e86118d101e0890186857b5810667db3b.png
1343,ab98256d3e0df079d7b1f9dd44189ca3dda3d789.png
1344,abb71cd611f9de2d5bc733012997e2c0c1f22600.png
1345,abd2d180317fda977e986d94b5c86be9232e3906.png
1346,abe6621599dbd32cfe2c1ecb91154aa923a544c3.png
1347,abf4afcbd4f9efa187352f5ae52339bcb3444adf.png
1348,ac0c90974a994a70b2f212acb286da16504735fc.png
1349,ac7d5c6e5dd7c98778b89a1bfd1adc6213023285.png
1350,ac95b5ef48fa4cb2f952335e7e2c5126ff0cd51c.png
1351,ac5592f6bb4dff232c758dc5ced4085485e1eeb2.png
1352,acab76d1153527186581b742d2c737b415583e24.png
1353,acafd692431f7b616feb5eb42d5b67881e56b11c.png
1354,ad08ea50331699a2b0c80529b799356df0c6b7fa.png
1355,ad2c89c9d4bbb0bdeff852ad9b9bfcd0ab0bbae2.png
1356,ad6e23afd60887584537a1b5e2207997f01b6f26.png
1357,ad11da31b8881985e4dcc5d663d09c318a48a7f7.png
1358,ad46ad02f33c56cfd5409c093020b721187a70f9.png
1359,adc44faa2bcf3988788ef11000c6ea7e88ff6b48.png
1360,adcd4263818513016514fab784ad653993bd099a.png
1361,addf391da9a3cc7222d6f3c5c20a96e093087df6.png
1362,ade3a55338bce38d3772fdc37cfd82da1bf1ffcd.png
1363,ae8b7f88d340d0bd5e0e83eb925178a40d19c82d.png
1364,aee24b058436a225c16fe87d8f173de6bfd726ec.png
1365,aeec9515b3caa302957c6ec05e4a071572484197.png
1366,aef22af915fe9cddedfd73aaabf2634483a79a38.png
1367,af0bb2b62dcdaab6a61a4f4691d687bd8b31df73.png
1368,af3ed72c94a9cadacd9fe6dc66699c4f4616d52f.png
1369,af6e6da49e9ef2d64692ad5ff1cc7d2525fa14db.png
1370,af73adb1935f3fa0d2c2afeca8091dae2a77acef.png
1371,afdc58e8c9cdf1b576f3bfcf801a4cf5bacef795.png
1372,afff543cc4a8f002a20a31d161020fe2b89d0474.png
1373,b0d850f846bf34b9e8bbdc6f5c68469be8628ba6.png
1374,b0158bd0c250a3a44f846853cbf41dc992e6be75.png
1375,b02a682d15c19eb4a5c9a3492f5bf614fba562bd.png
1376,b02dc23341ecb4de949fcb3a4ee2bf9fcdba7746.png
1377,b02666152e32a0715775a328878aa82c90df76d0.png
1378,b0720ebaacf103710c7ede4e7e510a3e47bb5af8.png
1379,b091caa34fdbfde7047e2e3682d5b4922b0d1128.png
1380,b1ad97d1e5bf717e465682f11edda7d3e69beecb.png
1381,b2beaa2a5c686781eba808f790dbc197f94c5a79.png
1382,b2c3abf91f0f2eb589259bd3cedd70e94c3e383d.png
1383,b3b200aa076dd2df1e539b3688c950aaba975c56.png
1384,b3f30258d51d9c6191488ab9aae6d7122ddbc96c.png
1385,b4c28d52007b62986b0087fca8a146b53d6fa449.png
1386,b4c14495defb61998492d82f1ce6326e64f91de3.png
1387,b4ca536ba85b4bf14a11baedb43ebc87a29f2b93.png
1388,b4fd978cea4e645e14b8f8f9b0fab6253b9e2fd5.png
1389,b5b63e5279777ca509845e28994b8b35d97965d0.png
1390,b5ddd3c10c77d4a59cb226684d5977763f70f7a4.png
1391,b5e88c519d78b6e26706eed15f05757708ee262d.png
1392,b5f73aefd670e6cebcf49b2501c765e416b8f124.png
1393,b5f483bfe34994d55bd26d6b6689fde8acb2899f.png
1394,b6aae2d8d188b58a41d5c54f1754d247f095c950.png
1395,b6ad82874202b9d51b0b6b02ca07dd23e80067d5.png
1396,b7cdbced6192a36e6e982414f5fc9b88f08134d2.png
1397,b7d0360c3785da11d3775485536809aac09fcf08.png
1398,b8a93ddea9fa8326471b3252bcf1b5e7dfc62158.png
1399,b8c0bf5cb80a2f7727be188ac0c01ca8d320b726.png
1400,b8dcba7ddbf96e7633c5dc26fe51b52d0699d422.png
1401,b8ec276769d1bfae77dd7267cf1baa728602953a.png
1402,b9ae9a08f397f4d13f3ea1d9efb3a8bee94912ce.png
1403,b9ae465ee670e2703f36c9809dec1c2eba141cf7.png
1404,b9dcda19a5b7fabc5d6b627708a1cc999696c514.png
1405,b9e70b8e7d305a3e170831210287fc483f91e686.png
1406,b10feb1e72d9584ac146cb505191c9a8092fc1eb.png
1407,b16a804153d6a6b6b0583b40aaf9eb476e04852a.png
1408,b16f91cc57f513832095271e77eb4a1b634cae9b.png
1409,b17ca6f0de4f8dfb533ce6f3fd915ec8dfb2f416.png
1410,b38d4417077ee870195c882920f9db579946f8e0.png
1411,b49a29bd58a83710d319895e077552f1664ee6f8.png
1412,b53d9df4b96a03bab5f956518fd9147971e44779.png
1413,b56d412b35b3b5f59b02d3b3af4b03016ea15f76.png
1414,b59be1bdb5dd2ed47cab8b9215dbabc97d458c9c.png
1415,b66d7f2038db9e0a87529798759713858b21ac4d.png
1416,b69c820b84c76c1da3a4da48f12721fe00342a1a.png
1417,b78faaa6ffa2f3d1fefff9357db4a7ca451dce05.png
1418,b81dda4b16bd64d5ef7576b8c86b3389f814732d.png
1419,b82c2ffc07fafb0d87e98671de6e063e607d8cd7.png
1420,b92f9ba7f5f34813a726cb979a1fc049a32add9e.png
1421,b97c57a223f80dbf4b0fec2d2b9588b8b401568d.png
1422,b97ee63e0be5ccc7d24052339a6e5743530661f8.png
1423,b98ad9bfc006b6fa486031d2a5e89a7866ee2f45.png
1424,b107f1961d89d6419ed87d455e18de65a8eff347.png
1425,b140c01431db78f823ddc83236fc0764b60692f2.png
1426,b188f36ecd1b9d462ca81b1360298a4d21227ca6.png
1427,b411a562c95ca2b08e9d209b2fdbdcd52b9cb3c2.png
1428,b455a85bf28d88f86f12e34dfef6b5c817c5ebeb.png
1429,b655e0d5919006123bedcbf137e66055477a8468.png
1430,b696a5bdfc009b15b472f32a322c6b686549ad61.png
1431,b773f0658c897055e23413e7eb5c90530ffef37a.png
1432,b865fa6310f0eb14ab281657d575523bcaf438b7.png
1433,b879ebbb8b0d03f58f8716024d56d45fba9b1a3d.png
1434,b967dee9c4b691185b1c2db3a263f9502fcf8006.png
1435,b1193b1b83585a3d20724d8d084c8b7e2250f75a.png
1436,b3960d9bf17ea8d1ec19866e7d15cfd3a8737574.png
1437,b4294b247cfa6449ed1430512eb621f2df727f21.png
1438,b8504e0e1653872e6abe060fbe23773a8a1a6bf6.png
1439,b11343e9a62bf4c0e9674a1273888e669779959b.png
1440,b67092b7987bec6dec777ed3112faea1e4ec95c7.png
1441,b87783dcd4b5b970f248b8d29dfc52d46f518755.png
1442,b238116c140624b705ed64ea1417f593a5207d01.png
1443,b623725c1160bac35c73bccdd08a5d0e430deb05.png
1444,b5545126da4324687c5ab993c3ecf6dfe9227b7f.png
1445,b7137252d9451e708455363d44b474587b9fae82.png
1446,b7212923f11f69192759176e8297ad795b5c7511.png
1447,b9470814e7e0e270d7e767a446639a2215b5c7ac.png
1448,ba2d95ffd95f721d5089a9aa54c9d078c8336a4a.png
1449,ba7c0a446fa3028309b8bdb823c58250fc15edc3.png
1450,ba63640f357cb791a5e85e41870d391fd72927ae.png
1451,baba44fd21fd0093f5facfa2821649b1e245cb1f.png
1452,bac7aa90bb102be943d1f7819de703615f41eb84.png
1453,bad88e7a6869e06e5ee720cc80a4b2bcc6f777b6.png
1454,bb42110201eb609e764e7dbf9ab708999b261e25.png
1455,bbfc02eb14998999fa90ad5901727a89d354f205.png
1456,bc40e660cd8246c6d6334b2b9fb8b8031550dce5.png
1457,bc904e9b59bd49e2e7b00259be794103299f2d5a.png
1458,bc76226ca27f5dce8a8531bd1b6d2b81d8ed6729.png
1459,bcc116c03ec4ed342aaf233710055319258e12d3.png
1460,bcd9b7858429dda2551aacc681b0d65ebf994d1f.png
1461,bcea59ecd66de860f6cfce4952b3b730043823af.png
1462,bd57add8347e07f4af23dd8f595f00e661f5e3f8.png
1463,bd612d35f7b74b78b3025705aeb77b6189fc9da6.png
1464,bd372932df8af9de604046c3b06ee4bde6f05388.png
1465,bdadf35be3c1f413592c2af2a7b287acdefe5b6b.png
1466,bdb9995a17c437e00d27f368829e08734adeba83.png
1467,bdbe6f26d5631aaf735ae1ba5c969f894ee2a3d2.png
1468,bdc567ef890250359ad96719c1988a8b556def6b.png
1469,bde695d8fd706fd4f0a3004ae1bc2a051ae061b1.png
1470,be2f32fa2614036431160492789487774b13acb8.png
1471,be5e64475572ed4b1742ecff4b54509e088ae8d7.png
1472,be522c10d8439a971fdebdde99a42665767676be.png
1473,be16192a17bc65088229e0f2d5916defbfe7f4ef.png
1474,be36986b9037e34a2d31c939aaac5d0653fd3b3b.png
1475,beb10acd3c34e42efd5a58df1dbc0efa573f79e2.png
1476,bed3eeded44b1b916c4d88b1c4a97d3c2be0f535.png
1477,bee34e669fe455e3ca4a6bdc28c1b3cf183513c5.png
1478,befacb5db8e59c2f3ef469075d17341cd0779802.png
1479,bf0667ba5c09b7800750a58284ef06a9c9918bd7.png
1480,bf4a8a816ea361e574574c83c789346a721cf595.png
1481,bf6c80f5c347f79a0c7c542feab84d6935f17509.png
1482,bf75f91cc7e8987a5b23ba8d8cd4b8cfca7d8cb0.png
1483,bf905e868e9912bdccec3e772890a30dd105fa2c.png
1484,bfdd631ec95921d842b212fe362cc3768c864d93.png
1485,bfe3c8cd67425a5cc335b9212d8b4ce7fe5c62e6.png
1486,bfea4560899d84842ee934d2321a99863197795c.png
1487,c0c8a90e33a1da2a424eeb60ab21a28d7d45e9db.png
1488,c0c8f213edc066d04fa194bb192a3f66d9a84324.png
1489,c01f680b2c8da526d94a5d50cf62f4e173393cbf.png
1490,c03e3adfbb33f7df88b0a35f596c84adecef1b5e.png
1491,c052016b45695a7f4e5a6d56380d86257974842e.png
1492,c0614384b0c0828ae1a6b9ec3e35754e0d2ddac9.png
1493,c08a0e15768ef22a591af20a272a8941dacf852f.png
1494,c1c4fe7ec324a10a4a628a21bc4c3c92fb5d0480.png
1495,c1d3072ef23a58095e3efe68c03094495ec48fe7.png
1496,c1df2cfc8347e1d7fa16229ef9353c337ebff721.png
1497,c1e01c6bfd27cdaa7e2d997ff805a07cee47c21f.png
1498,c2b8c790af9eb1241f0be5ab87ffde3e05639b2f.png
1499,c2c2dcd92c635223a024bd0fc138453ac7a57fc4.png
1500,c2ca7ff367b40f94acc604c850daf7a812b7cfd7.png
1501,c2df4e5ad46799fe2013214098c56fc0392f7a45.png
1502,c3cc52ce0004bd8d12c2d9279324abac58a15e12.png
1503,c3dc04efe1b83d7ebf6dea3844f20ac031b75a1f.png
1504,c3e5c8586716c25a05b028afc0645e93724adec5.png
1505,c4e526e6352da0e176e4dd9d120fd8a7aa12e188.png
1506,c4f40ce0fe31da02e602827fa069f9c825ca1a28.png
1507,c5add7814ffc493ad34e77fe66cead35fa8dcc99.png
1508,c5b505b28821c79907b5afeec586f07f809b1cf5.png
1509,c5ccdf2a7a75a622c1a5eb9458de38c480bfd538.png
1510,c5ce54705a6f2b76ee53483c34fd2e93ea99c575.png
1511,c5fda129355d37783a3ab9265af2414135768422.png
1512,c6dc4e3a862d92150f31e65b1e655a83ea8f0eec.png
1513,c6e96b9f462c22bb49cbf0d17161a2f6f3f1bf79.png
1514,c6ecb70145b7d39dccc59f6f8a53c083060f22be.png
1515,c6fa88200b3da3af12dbf5662f88df28bbbbe00f.png
1516,c6ff9f925e6004976171d2859d7712d366510e57.png
1517,c7aaf015096a90f2f3296b8ce230261563a39f10.png
1518,c7ca96c3c902cf38433bd9f205e9c7defce92a47.png
1519,c8aa57393a9c837936c698dfb8bd240bab3a5aad.png
1520,c8c079a22c48d4991f03d6370c7c805d83b2ffb7.png
1521,c9a15010ade8d5d841eb4aca07964d174465d494.png
1522,c9de45a89d32a4c331257075ce0986cbbc55c628.png
1523,c9f5134597526b4d3cc1d5ea24059443db9daf30.png
1524,c9fe1d3e19f1dd490e3928f373c79137389e9dee.png
1525,c17b057a291e28a90012f97c40a81bc6efa8ede9.png
1526,c24e9a83159dd40fcc95556b9bdd14a420cb9cab.png
1527,c35a12ba8ae2be134226640205eb035c8196fe29.png
1528,c36caee6212c459bb576ec8ca898d9f9628544db.png
1529,c44d7f22c419b45b1ee48946fdef376b1f5dc661.png
1530,c50c10ed208dc3d58ecac838b76c9f244aa4b276.png
1531,c58fde225d3122b92fd121bbb1f59abff02a69ee.png
1532,c66f64e1e05cab9bc0b1859a89012b801f26b4de.png
1533,c69b4002cd496e60c40dd0f907cf1871d210cda9.png
1534,c73a53fe0a44fcbbb24999b515bf4f223bfe2794.png
1535,c78c7ce6edc4fe84ec2b284401459beb7b7ab0bb.png
1536,c78e3443ff82f68007dbb45a3ff664798eee7d33.png
1537,c87cbedc347420cd57365c35f0d5016d96588be0.png
1538,c92baf9a821a1ae931327584e62b81a1459ab52e.png
1539,c93c34d8cd7d9ec0accfd90098d537c3b9f36b1a.png
1540,c150a89fab986ef7c0dc51c93d7cd43271ac62bd.png
1541,c256aabea22186e701aac371cdce522637bab60d.png
1542,c353b85112909446123c83f091eed4e9d402d3ab.png
1543,c371e1b3896209c3b7ed77fed879c6127ee9e60a.png
1544,c534ff0ba77becf0800fbb96e4ee2d52afca2a8b.png
1545,c535f9e7f2a61d48aa6e8bdf9d23f7297f069617.png
1546,c599a6a1beb8c4630241a124a6d7916b2c7bdc41.png
1547,c616b9dbc5affd96018fc2ed21e4ab76c5badb8f.png
1548,c692e642798aa3edb86f450370a2216c911e4bd6.png
1549,c756b2ee1dc407a0ce9df40044a92cb740bc9777.png
1550,c822e4397d8af51c7acb98ff1d63693f42b42329.png
1551,c832d0e3b19104350dcf41707adb88351e806b90.png
1552,c911f217f623eaedeafa869f0b41618fe655fb63.png
1553,c947c72b1382a6ac283ee2b92261f5b7095d316a.png
1554,c4485f343ddbf4f16f3dfd8cf56e3e429addd787.png
1555,c5515de656dab47ca311f06b96a881f75770994a.png
1556,c8780a5449e05fce4c72c734ec65ab1c68234b5b.png
1557,c9587fc1e413d398c0854a7e95b884d6f6ddea6f.png
1558,c23542bc16d1b846098c3a2261381c1967c164f6.png
1559,c30152e850a49188c87e1a2c3e238557e5679921.png
1560,c53461aa13eab852226b6ec38b95d10d7c84dd12.png
1561,c81626cd902a9a1ba96b525f5c52928e983742be.png
1562,c96003eb8f32e065e3d7cdd294fa0235b432cada.png
1563,c8332818ce7cfdd23cbd1e6109d0af42960a5f0d.png
1564,c408900900bfde9a535fedbca7b2a5f050aad175.png
1565,c674983041921456784ce09d376ec987e31e47bc.png
1566,ca6cd505a493fac55afb3c43aa1869ed9739065a.png
1567,ca6e3a079e239fb3ca6c0d703cf007ec79ecc168.png
1568,ca8f93ca42b494099ef63c9d67500885bfa4b18d.png
1569,ca15bdba9c8003c52f0550060dadf868ab318c55.png
1570,ca82de66840e06a2f8986836dd3f00abef81241d.png
1571,ca211ded16c01642a2ceeedc971f3cc1bd1e8675.png
1572,ca737164ca726e6dc1900ebdc1ddc3e47af8d659.png
1573,ca9990486b27ce8af0b5923089ac29f920293745.png
1574,caa499081bf7a9d64bef6bc53ecb83efa7122fe4.png
1575,cab2fdeddf5deb97b376da2529022d281f66317c.png
1576,cab23f4498005ae8bb9682acef0ec76a64c7a689.png
1577,cae200a650cbbf1fcca841a9ed75e62bee5f41b7.png
1578,cae8226acbd75195a66891b14e4c1a9579a3be57.png
1579,cb6c80a1bc0aca9872d51891fb276c07a1b0b076.png
1580,cb3068a9423fdf9f3aa3c00603f599fc7e9e70e5.png
1581,cb3529d57bfb107af5818f199b8a5e0b6daef8db.png
1582,cbbcc0bc4e7023020e0a208a257ae77fae6a141e.png
1583,cbcc1b9330c38124270aa619e93836d9dc9e46ca.png
1584,cbdc6fb9b1f5a77a030adbcd39212b692c24c39f.png
1585,cc44f99f06a351e3323cd45ed7ce67f87f1994fa.png
1586,cc83e916cf47512323d69fc057a2d74ebbf1aa67.png
1587,cc603d8aa658a1b6b06b70db9a499cd28ef8dd56.png
1588,ccaed2cb40c72c5f201d7a2ac6c33bee711a6401.png
1589,ccb06eb6819d6483fccf5afb5a6ee2f8f2c430c9.png
1590,ccd81b23e707b6d8beac0063af1a08a3640af7e8.png
1591,ccf3738e8d8ca2227340272f2e4745c539648985.png
1592,cd1bb862152bf9307a93cc874e514644bd799e51.png
1593,cd66e004b05324d2a06da01bea1ba795a33f738b.png
1594,cd987dec648d7da9564480f1c5b4412f655eeb9c.png
1595,cd1826f40f018620f5e4d54ed92ef9abff14f1e3.png
1596,cd44139263021f35eae0a7f597d3ecc2d20f90ed.png
1597,ce2b648985941c216847f9637a38928ec13bfad9.png
1598,ce7f73c6f5a192155def99d681eea8020f23da43.png
1599,ce45b625ac1803ec869123b734f1ceb8f29a1e53.png
1600,ce46c42e846d5299302ec5d2fb5d620a048c3e68.png
1601,ce82208bf29e861dca8ebf6f974665ecd7263dc2.png
1602,ce552508bc3ba8e00d7f060b7be8f4a7f345f385.png
1603,ce5490631b8345527b48a4751115b94b32df7353.png
1604,cebe1e65b58843362d31c265e257e898170ecdc1.png
1605,cece0ad9f87473a717cb6fa89daefeb936615783.png
1606,cef1c5c6290001d83380c638badaeb6c80283a3d.png
1607,cf1c73e207fbd85d64285a922ba357467dfdc7f9.png
1608,cf3f9c3fd287ddae31981cb1c219f6a12dbc22a6.png
1609,cf34b9fdc2160fc75de7a5e943cf4a08bdd429ae.png
1610,cf64e079db78a364891c1f4747a5193338f4707d.png
1611,cfcacf4d6fb1da2f49f9b445be56206bb8a22ee9.png
1612,cfe1de70c5721fff0df2533f423210276cb8879f.png
1613,cfe9e0696b7474f50f066bbc5561c4960b3fd006.png
1614,cfe137d043c00ef3c982f2cb1236f621a4a68a93.png
1615,cff333b21edd67b9a8574c6e43ffd3f7300ccffc.png
1616,cff1047c1f58777a7e91450a5bdfa7d9f97f6837.png
1617,d0f7af101ffba5b9904b01db83cbcc6fa09f7705.png
1618,d000e49fba4c1d112eb37a886aac875365485dd3.png
1619,d02f28abf2fa57331f50fecb9184825b390d0f32.png
1620,d041ef532193d7a2127bf66ac03d1d8d87f6d5b9.png
1621,d069774ff1bb0ad153f76b45fde85767bb369f1e.png
1622,d08faaf4482a8ff880be826d86b6d456eef0e584.png
1623,d09dbc38542ec2e87e992e44f88d068e71c1bbe3.png
1624,d2b066814e5bb7dca61978a2d8931aae36969132.png
1625,d2d0700ac650d73f19684da701bbb154e64fe4a0.png
1626,d2eb0e0f58b6a935aaa35768ea8fb34492ee9ce4.png
1627,d2fdc4b238bd6b45c724e7908b5297a52870712f.png
1628,d3a1630ecabc729187658b6ad0508235b1c02237.png
1629,d3b4d0398b49343fec60470e682c7305e8a00801.png
1630,d4dc806192295d24d17e97763d2d8b7f0d3e80a9.png
1631,d4f595aaeeff97ea9c88acf560c6270b96b18554.png
1632,d4f653af36ddd4329fad1933face5a13ab0105b4.png
1633,d5ab18d725c5c59966c23b3d6d21e0c60bcb67b9.png
1634,d6ab4a4e3bc73d10999065052ddc772e058e5c73.png
1635,d6c706c119d4d6234416b7acaeda969c3ab3c57f.png
1636,d6d35b3b766277c2acb70d4621a7cc321eb32deb.png
1637,d7f9b178bbf8904f5a2ed9c5805800a5047d41ee.png
1638,d8cd738bb7838b540bd28fafd068fe2e9c6c7fd7.png
1639,d8ff8b3e0baefcee9466816af1dde72e51a3f651.png
1640,d9b4e381b368df0e80bf7e9139308d01f258c63e.png
1641,d9c8059bb3f8c4a89c4dab6837eae3fefa464ae6.png
1642,d9e74c07365b17213300825de73f5c2e10f26b63.png
1643,d9f38b11e26e78e9a9c6e0abd649d80be6b5d8f2.png
1644,d9f99e8ac076a1cfe699462773c9c59a84ef460b.png
1645,d14d79fbd4bca4dfa1b83c87505cee80a6ac4579.png
1646,d23e385cfec7116de7ea706448240f91a4fa6506.png
1647,d23f0ae21bf9b8881a4654cda972ebcccf06346a.png
1648,d31fe7f357b349d32dea9b61a9835136bec02036.png
1649,d32d10b3d3ffec73bb151339662a9fdb04af25a8.png
1650,d36d17a1026e68ec35c0b2340297f8c2785e0ed6.png
1651,d36f8faab80ca9a3b727d37cce9657f7e50e20fc.png
1652,d59cc1cec28ea1f3c3b210de7057091f4d611b80.png
1653,d61b72b8523270f917d5afde0092816b33f3c716.png
1654,d62c7162f316dc50fc53b6fc10c0c99f2eba3e2d.png
1655,d76ace6527aaf8a9fe5fce0d9178fd1b3f121adc.png
1656,d77f9a066e2ea6c4ff668c6aacc9b531b1facaf1.png
1657,d84b6ce9d37d4b3bd876591c40a504aa29eae016.png
1658,d87ee966a9c4c063acbdfd89c38055fe9bfaeb6e.png
1659,d88a141399c12a5f7fabae64fc76c983c8ca5059.png
1660,d88d842e843701a8dad066f9e79660b3d951ac82.png
1661,d89d5eea7c65ddd29fd2c9c2b318fd6865466555.png
1662,d102e17dce1c970cc5eb631d7e37617e662a9e27.png
1663,d265c5c782c45432765e2c6313a38b9a01af5c4b.png
1664,d427bb82af9a7dce025b7a82753075cd9bdac9fc.png
1665,d453fe16ed348856ed3c7b7ab76ef5e5be8c42ec.png
1666,d773d130dcf41210b1e117ebd72e409ed1290d62.png
1667,d794c99bfaf3e587731b72fbdd7ecc11a59afa40.png
1668,d896ea20d6f7cd55a4da6ad9c88b2ed88aba95a6.png
1669,d907a6c546aac1ba54e5c105799ce421191631ef.png
1670,d934a0506aa21bd3f922bc0b43ed19e52009a83d.png
1671,d2174fc8039cb0d745616d1b4f16524aa59a73f7.png
1672,d4386f0fab93db58d81e06b6fb741fb09faf43c7.png
1673,d4755cd6bf76a179f9b27b6c0fdb12094aeece14.png
1674,d5267a3bd132cb28398f6eb12689028c17d60f27.png
1675,d6354d827d7c6d3ea3c9c60ba840a9dd30437d1d.png
1676,d6685c861f9bf922655b29dd70ba9b2896fe3279.png
1677,d8307e964c4e1be141befddae2e8a0b33a108387.png
1678,d16744c66e2aa692d1ec54b6484e0e0a0bc6c0c9.png
1679,d25031ce4b7b8d7f71729d29cce91a0267c3d325.png
1680,d31023b3a226001a278940fc65c74f22e4ada787.png
1681,d57296e48014d8c817315d26f2520cfd495b79b3.png
1682,d79936a0bd96a58f0d694320c229933077c44b0e.png
1683,d84857d0b969011707a6d3876af4f0b637d8bd77.png
1684,d151035bbc3c693289aa6b854792cc7edab288d8.png
1685,d582285bd7782e7eca6b27c53975e846968f2c17.png
1686,d2228851f506247f299f1bd5f9edf5425b692d29.png
1687,d2759037a5c875b6b28752906a0ee8bf75f5a263.png
1688,d35692318046ecde49e774db8135383a7d59e8d7.png
1689,d77194155779913e0dd20dd209d7398d84543fe7.png
1690,da0f787b0ae81dc8e93d0f6569a956a635d1a103.png
1691,da04eb77bdced3b4a72083523ccf27e5b1836bb1.png
1692,da48b86f4a91afe4a1db101e1c31ca663d82f276.png
1693,da65c685b23edeb37e65c1fd07c241e6ffa75a35.png
1694,da123b5357b2ade52a1dcd31ca79e0952d4c3d7b.png
1695,da357bb8f889c11d945bc021697e3c27d6d4095b.png
1696,da8302a52e1e9e25c791d4c37973e8a1407c01ec.png
1697,daae16bb671b3e9d9c0a1af421716c8c87075285.png
1698,dacacdf4e0ead3d4ab083328a70c1fb85e3ab108.png
1699,dae93408a2fb40925ccf13b5b3e300bca15445bc.png
1700,daf0d0b2c72088fce151c4b32c93d59260c4f849.png
1701,db541ebb8c54d5cb268184b0fcae7b2771cd01a7.png
1702,dba8a003ef8477cfded6db9063fa9a538de1c05b.png
1703,dba8e5c52364d5986e140ffad3c15aff2454d546.png
1704,dbb8e85b2f62b2f81649a71ee1db18564bf783b3.png
1705,dbc6a05812820e406cd035efe179c7f72aecb6e4.png
1706,dbe80cfeffaa927f6de0d8f1c0b2e59aff4afc6f.png
1707,dbf0bdc29d8b46909b0bca782da009cd770a761e.png
1708,dc13ee20d4382d44a7bd9141c1f0cbfeeff52821.png
1709,dc18b132f5020b570b7863f4b1df000bbb989fc3.png
1710,dc30ed3ab908e2eed2e74d220d16459bc1bd8ae9.png
1711,dc41c279a3d64c9dbb26bcdd436d955d08854e5d.png
1712,dc210ca8666f08fef8a314fed577bb7da09dd483.png
1713,dc597b53585dbc919ee5d1a0c2883c233935df20.png
1714,dcf03b25b05a338e413c6338e09ddfb94b168e2f.png
1715,dcfaebf4e93bc5e72ad9976a0e4c39c30fd94be2.png
1716,dd5a8026ee02d681ef81a20fbd9a60851c69c53a.png
1717,dda2fb3581893206fe708b8998b75f486563d9bb.png
1718,dda31a6a149970805a2ca26b823746b5eb23f1a5.png
1719,ddba3b706182616048723f1abce6854d1836e76b.png
1720,ddd31e87f8739c3c57f7ffb5ff76ec0056c796cc.png
1721,dde36e1b792fd06dfb4a784e82496abd391c3c0b.png
1722,de062db2e1917328d5295b224543b93012e095a8.png
1723,de9e48ea5be4ad8094feda26b2dca3da8a63f60d.png
1724,de24ff268541cd30049e19e7b92ee8fda2850f23.png
1725,de34fc3de984d7dd8e7097de4aa7f85339037955.png
1726,de97e88f389d43d16d138429c474fdf071faad49.png
1727,de465d448bcfdfeb303b0cfe651ad1a2b09c83ab.png
1728,de85371dfd2f37c2a7650b8394041e7ca7fcee2f.png
1729,dea4e4f767735b5c6754124ad41d11c0c0d89494.png
1730,deb92a44e2233125d64e5d84910b479c997a73e4.png
1731,deec1aaaa283afb9e2f2a82568e8b8018b9e86c4.png
1732,df2f70bb4547a5d58fe7aeff65efb3b63001b661.png
1733,df3d42e572b82207e60e57de8b430e8dc098baa4.png
1734,df4a50e26e61b0feb2c9fcb9ca81a73a00a7e041.png
1735,df77b67d19952cb02eb8459655d1bd4abf19d05c.png
1736,df2456aa70fa8d0bf6c1fbe778798b56ce2a5a9b.png
1737,df49529e5797fac9dafa31606010d9aeed7259ad.png
1738,df636631b22a1b7d55357096f5a9283a019cdead.png
1739,dfa8429875dd82dc39c3d089618bf665e1f886c2.png
1740,dfee38f63f5e3f6b384f0e62077eb528f32f60de.png
1741,dff51bd0230e555d28b870947fa027430c61bd35.png
1742,e0bb365d2f0d8392f2b02da537d12c6fbb77b99a.png
1743,e0bd0950514011af6f3f1f49c6cf8a635a00bccb.png
1744,e0ed8a720707e3fa00260589371cb2b93c09deda.png
1745,e0082aa94f37dc163118f1f76bbb010394acb659.png
1746,e02fbdf411cbae80b9f26d4f959798e6075c64a4.png
1747,e0240c82719604b6e32e09675730bb5d0d622c4a.png
1748,e033143c46fb252ced6b88550880f1d1a62bbc81.png
1749,e048905308181a20eb1e15e570311e7284c2e812.png
1750,e06829a30803aa3cb469283924fc9a4f33f8da6a.png
1751,e1cba87fe790d1f58099aa552faba7ddf552fc19.png
1752,e2a4d8584647fca2e811575e28df67b2afe83fa3.png
1753,e2a5792383a28c60fb9e8158188c0018357df6e3.png
1754,e2ba89f3e12c8278c23387e1bbab78110ed2f018.png
1755,e2dbd11e00c8ffb1c18ef9a532d82ab360a03122.png
1756,e3aa5411f3de99510e705fe831cd3d6a07cb10d2.png
1757,e3b88bddbc84fad7a32d89161932fb118023f9c1.png
1758,e3c02f1055c18b2666ffe02402168b8f948c57db.png
1759,e3f77bb6cda845147b4153007045c4afddd456c5.png
1760,e3f4507b4974bb5a5ed355033606057d12a90acf.png
1761,e3ff0c268bce9db3689b96357575f5d95fc3f62f.png
1762,e4ba8e130ba3b94a9e06f9e69eaf54e381232019.png
1763,e4c21b7b291ea89c08731d63ee6982ccc7ece2e9.png
1764,e4c52e0cb60808e162c3fdb5460d11ed4de3f45e.png
1765,e6a1e5795754ad81c5b4a7593066f5dabf6016c4.png
1766,e6aff0a1dec66116e587eb50f8db88f2caec1b24.png
1767,e6bb59815a967bbeb54f480c6bcf8b7632a0921b.png
1768,e6c2c529e9714fa737895ae6ccde4be03eca5c7a.png
1769,e7b20794ba33ab7bde2658d7cb58c3a1a7fd30e1.png
1770,e7c0b3f628c5c2cadd8cbd716d76c679b5f6715d.png
1771,e7ddccc4a718c2e47d67451eccd2899cbda2d929.png
1772,e7ecb3cb930737bbc665b31359059bd6c715661b.png
1773,e8c93d1d4f6fcbd466a20ea80fe5c7acfd32e040.png
1774,e8e3e046238a7c4e9f02ea59965e625078dbdff4.png
1775,e8ed4e7b48303089adb8692e389b354c93814ffb.png
1776,e9f2c8231474cd9f4d075625c307308ec3399b97.png
1777,e18c2d92f339bf470656dbc673ef622cbc1fac40.png
1778,e20d836aa7139d554bb69662f825dc97ad68f02e.png
1779,e22e7955a321d40655e30ee206b270568b2a9a60.png
1780,e24f28c34a0414ab5d8312198178bd7ece9555b4.png
1781,e29d76945e590d304da7b7625a61db620d863cce.png
1782,e37dbd21618f7dcdb892b6d573a7d68c6db434fc.png
1783,e48d1921a6f9eb15d3da740002797f400778274a.png
1784,e50c459d0654745a98a13e8e07c4595360887d84.png
1785,e66def9870b261530fe079b2a64f3534cfe0b8c0.png
1786,e73b9746bd2462b37c5826d7fe8e804dad817acd.png
1787,e74d1ad749ed14ad2583d5722c0a9e9f53b208fb.png
1788,e77d397be23dee291877abab8d5c067cef2a1c50.png
1789,e79ed535019e55d8cd6722470386970825c7216e.png
1790,e80d591f06e0f7d966d67d47636941eb609793a3.png
1791,e84f1e08217c799af8586c6af84d582b62737dac.png
1792,e85b1313aab1c7afdace2b4c171c22092256a5f0.png
1793,e86c2c161b4bee54f161b2d14323cb62c1b1c2a9.png
1794,e87af67faf75a8bd8bb2986e7f7b1c6188131113.png
1795,e93a6b6db6b43c9f77afea50d813bf0442b3fb64.png
1796,e94bea6632d8a9cb71a7684de4207b1b81a67e99.png
1797,e277aa8e5582797b35e70533214dc59ff605656d.png
1798,e309ef71c6a413b93103c4b9c07f34ff2b2ab829.png
1799,e354ef3a7faf875b832b5bbf29126bcee43b53c1.png
1800,e364a00dcefaa60e3c43e333c92040bbb22db390.png
1801,e385dd62743f4f518fa499089e8d9986c77d27ad.png
1802,e397baac31e7295772bb255fda6d857eab77d7d0.png
1803,e633fdaa2472ffa11fcb31926824d9f213c011c4.png
1804,e949d768a8ddf2b0bb4161ea5c30426fd767eef3.png
1805,e1930d9a09b6a4165b360169a76c477e09d9179b.png
1806,e6247bb57376bbfa2e6aa88082ca9878e3b47f59.png
1807,e9100a267934046ed3d9cf03f3ef399a47f99191.png
1808,e280302a844c735387da564bdde50c051b7f506b.png
1809,e828826d0e9569c38d20ea1f893212320c3a51bc.png
1810,e3466297dcbcac160d1280785d20314999d036ae.png
1811,e253632372e86408f6c44cac596167f56d810d06.png
1812,e404195708a4ffe439c0e4a7fdffe85e8f8344f6.png
1813,e35436601632b4e3cbd4351ad0c597996bd4da08.png
1814,ea0b7a74e62980e97d244d88303ede46b824ccbb.png
1815,ea2ae0f7fbd399ea60c97824ffb22f7d2158aad1.png
1816,ea4fe2671254350f3596f3934c85c2e0f3b7912f.png
1817,ea42e7f39ed0e9d85067c7da861c9152640afce0.png
1818,ea80c97cfefc75a90034f2dbc66a4dac69caa892.png
1819,ea702aa867ff9bfce4193c4fc28634348e06d22b.png
1820,ea1467c147046bc8c38655bfd8b6b48833163df4.png
1821,ea4683363c5614c651ce9031be98e039b7735589.png
1822,ea2880934243c0a7dd39df5cff282ed3593e5632.png
1823,eaa525c29b40fc7fecce1bf3d3b293d6e40b0428.png
1824,eaf4dc7cbb219aee69917286bf4ed530bc80b90c.png
1825,eaf6c1a3533fee02783a17770671e5cdd48e18d3.png
1826,eb8d8ea92c636eff9fbe66888ad0b2d5f55f27c8.png
1827,eb21718e1222797079ebe20be99cafd9aef7675d.png
1828,eb814743b0ad0a05d38e8de797d8b9bf57544d96.png
1829,eba8dcdc210e147298b10c970c35aa9b707f2253.png
1830,ebf93ecd1e0c6ac3fc1a974789599c7eca2037f6.png
1831,ec6c6d59f63c60d3c1cd284e2794bc1b0c7467e9.png
1832,ec61e2bf6ea2469a0b96aae3ef7fd7a55ac10c34.png
1833,ec767fa22c4673054860e2e185b9dcaeb9374c08.png
1834,ec1067fa8f7245a5109ec89e9f5e3987b5460c1e.png
1835,ec41263c08ec3d2417e7890cd18711bd9839f04c.png
1836,ecb8b777fbc802b9e78263bd6ea0517339b42cf7.png
1837,ecb62a2d1e0369739f3e166c259149f659ce97ff.png
1838,ecd3805da0af297eb67d3403789ceda428917739.png
1839,ece9c1bb4bb075e99970e438562ed92981f9e7be.png
1840,ed017379a63e4d69c6698e45825cf9f355796987.png
1841,ed03f2e394eb76d02733524badeaaf8c5de15eb7.png
1842,ed616d9756f3cbe79b3e1ce582edac9eae64decf.png
1843,ed1358d1fd31e69c2c9e8bafe911f175213c6265.png
1844,ed44894ee504f43a1598ddd8b2e2c149bce0fb28.png
1845,edb69809398ca15d9568cc6d397c556cf93c3e32.png
1846,edba4b79822bd646b297b73eade11cec3e427063.png
1847,edbf5f0f802fc9aa17da15da348ff2a5cacabd36.png
1848,ee0cc2ed8ab0988f96b7aeef00de0a16a788e25e.png
1849,ee0f4c9024d61b2179107ec915cd347f06b728c9.png
1850,ee1ce184b31c1b19f750b58b2bbc5aa79e92c7b4.png
1851,ee5aca3a35ae5024e2f34180c2888439bd115967.png
1852,ee35bb5d47a4ee07a41e336e66bd46fc3e4dbd3c.png
1853,ee83e3384141b5b8bde024ae150864e01528e97e.png
1854,ee87335d2da57e50d3283055b12de3cbeb822f94.png
1855,eeb0d5a759a126b45df24ce08b49da69cf548c80.png
1856,eebfc24d9d3f64ea7c65a435ebd4d3d9750099c4.png
1857,eec484f6508eac890a715fae82373de553445c3c.png
1858,eecfaff93f47ae1cbf34920b2f6c2460d0c78fd8.png
1859,eee9a8d97e84e28a5a9a30e07e8c2543fc0e3d6f.png
1860,eee905381b6828c27666400c1ef5e927949a4596.png
1861,ef4d4b9d0de1599dc3f241e8843b1a898caf5340.png
1862,ef251c915032a7e05fb098826357de5f5b62ab22.png
1863,ef5845da33b92328e891b7ef4325a5cd0cb962fa.png
1864,ef6688cd914141e15748747341f484ecfaf627e1.png
1865,ef48377cfd1a38145abd74fe8137e7e5440bb9f3.png
1866,ef9066401d296c42a10692be0181a86f932be443.png
1867,ef69938494544b44f4db205423b5f2125768d8ce.png
1868,efa083822bef911d305b4ae0b03b302982251ac3.png
1869,efd43ff4cd51774c812c263dc717f316371ebd8a.png
1870,efe39638fea06fc9d3a542bb1490f70f2f6341ba.png
1871,efee005b60891b91321d94d267d68e4c2c3a63ea.png
1872,f0ad413921ae99ad404b1bdeb9564fec5c00de54.png
1873,f0cc359cbcecfd4ed8b4262298b982be684f58dc.png
1874,f0101de44b936a966156217eafec724b1417902a.png
1875,f03273731979625dfc49df0d6b2d0f4f5b23c5c6.png
1876,f039858ac57782d13d6609f2565d2bf4d454d758.png
1877,f04044db96b080aa45d04a030852f87fa3f8b359.png
1878,f0796c795ebb0c7eb869bc43ee4d2554e5a5c489.png
1879,f1a1409a5d4473b9a58e62a18415555716a52e2c.png
1880,f1b4a55b1676a81e017ca9c905c374847f69ffaf.png
1881,f1b6a077a3411b92b52e346bdc80ce1ea81444e3.png
1882,f2a05f24bedbd77ff77bc988f99b9e777160a52a.png
1883,f2e8953c9cf6412ea7d55df04887b29a301ffa55.png
1884,f2eef776b1667d9cd94b6bf58c22066490b12eb2.png
1885,f2ef2683efd93d62ffb800c3bc29612089d7b7e8.png
1886,f4aff83603fd29b6dcadb7f47d8dc5ecf7782a4d.png
1887,f4d80259b234016bca613032d930410d91838726.png
1888,f5ac3d34fd50ff57b806b7d36681cc34f80af5ae.png
1889,f5cd4b31908edd04d9f3b236dcd3d3c30382307d.png
1890,f5e655025869e1e4595a97a5d1c19291de51111c.png
1891,f6d9de84844c27096643e7cfac690a6b75f88119.png
1892,f6d55ea2080f9569ea677a70a7d7eb65bf84d9ab.png
1893,f6e821d93a5d9df17751c7bc3d25f31b60e87eb4.png
1894,f6f1217e2731490b40863bd2b813062b78706992.png
1895,f7a3a1a51bcc7f55fb3ee08e7948eb52f73dd225.png
1896,f7a5a09b999cc39482c82c3ac319a4c25c2cdfbf.png
1897,f7a4350cedf95104684c11bc6d044426dd61b44e.png
1898,f8ba0a53483bb4e3abec124e334613d8c950cd21.png
1899,f8bac574391db43cc618ae82999bcdc55023ffe8.png
1900,f8cca8d463f4b1c854bc116c4cc24f89631be90b.png
1901,f8d1a784c264559255c54efc8e756f762b0de94f.png
1902,f8da0f0ac63ff733b05a93e52415d968cc779289.png
1903,f8eb6c1a791ab53f450f1486c0fe5318b204b502.png
1904,f8fd1c460284f778c21e65ef2b9d0cce3710a9b6.png
1905,f9fcbb52e11253cddec4efc81feab9bc8458aad0.png
1906,f15afd11e1df69a48f90de1ed1fc539c2ccb9648.png
1907,f17bc17eb1f2cc16757dd44fa569cfaa5b8be331.png
1908,f17dc3706a2ecff82e16a923a07cd6217f0dee3e.png
1909,f17f3c38fd3197e5f8975398826f626dbddaab05.png
1910,f18de3c30956483ce815e644d4aeea9fb633f360.png
1911,f24b9ba6fab3cae74c28d1038149c75dee34b4c8.png
1912,f24c34329a40a9d6f5dc7a8119a769cfd80cc6b9.png
1913,f25f12575c956ac8399f7f5d34d53d0a3e9aced5.png
1914,f27a0cffe74cc4f90db991fd0afc9a1487aabf76.png
1915,f28ae24d027311bb5ab703f98b92bc9ea64c9bcc.png
1916,f34a0f505895ffd131ba99cf6fe88097d8abef69.png
1917,f44aeed31050f835881340b54929c83de9178811.png
1918,f49dedcc75a90ba00359bcc80b15e955c06def01.png
1919,f54d87909a531c6eabf6458f185479e4cf9ceaca.png
1920,f68a3b3b91f13e07d8a094c890bcf9b2857f50fa.png
1921,f70ae8a297564d27778b8014371b9d1eac311794.png
1922,f83c0294b38e62cbbd2dbab88399b3c35a84ad79.png
1923,f83d59d667243bc10c36a2cc61d20ca4a53c7705.png
1924,f86ad313af199421be537a0e71d1dfca75ee8596.png
1925,f89e4e9ad2589f1be8d35d5774f950b41f238194.png
1926,f99cfb34c4495e938b230a838e07436d0bf30c49.png
1927,f180dbbc60744d4f54fb5b58c28a97d7422cc5ce.png
1928,f209aed28bb141440826fd6341a3a4eff7948c6b.png
1929,f312e6f5e06a31fd169e08aaf7d845b821f6b754.png
1930,f316d71e4e53e7251b43d42e537e797daee94cd8.png
1931,f319dc8558005ff9e59a3bbfda4ac47286b05573.png
1932,f448ce7bf24af6e2f59fa1f2d77808ec957068e6.png
1933,f689b361878d634b49e756c9c09c1ed7e2c04b9a.png
1934,f795bcbb301ceb3cb647a713c2ee2dc6586c3787.png
1935,f838cc46ca0ce5e853f18cd3442a7b479621f13c.png
1936,f859be38773bc9f589c0146dfebb5521ccc7d916.png
1937,f2556a4033bef98f469ace37d7f7c8230643ea6d.png
1938,f2717dde939f1a41a54413a734a780b953ae21a5.png
1939,f2777fd8520eb77fcec071853d5d1ab96edab1b7.png
1940,f5100cac4d08abf294caff9d3a6731301d9059c7.png
1941,f5184a0277e9897f3f9cb0bcb2fbafc0524e88e6.png
1942,f6132f0dac730e091ff66517e4601038164bd7b0.png
1943,f7679ed550111d261bdc440d2c53105e8165c1d4.png
1944,f8033e48354c8bae6efb4c8203cffc24015eb193.png
1945,f8598d1f7171a05dca0566429bb7a9cff3d0585b.png
1946,f9298ef8cbba8ce30d541260427fd0c41d099452.png
1947,f9746a2fb677485643143c22ceb6fd3a3e5d775f.png
1948,f9753e8869461782d57169decda7248b186fed4e.png
1949,f9973a8c31a7e453fcf0f9a73efe551cfcd00b2f.png
1950,f14347e9ca1c686587bbfdd0badd54d947109f14.png
1951,f39960d4ae8fae87a617faddc3280af5ce6b98b8.png
1952,f650331c7fec6bf7ba9e710c31ca204396604f42.png
1953,f935006b1bea7354d8bc0052b231063deea1130a.png
1954,f6135672d963536ef86487accdb752fcb3bd7a2d.png
1955,f20609184bd4fef773154625c0972b3cabc70a42.png
1956,f90788778eedc3830f2f771d137814f4fa2be763.png
1957,fa0dbc8156d4fce8ed4802a80971a8c768d17cf7.png
1958,fa060384c148a12293ed6b9eb0fdec201b8577c6.png
1959,fa8d242d5187ce53d0fa74a6484bfecca2f4195b.png
1960,fa9338f37d9c85d6784672cd3b8817499e23c0a8.png
1961,faf5b7233301ff288309052fef10ac61d18be307.png
1962,faf179b88d5795deed4e64bb4357ab3d22b35906.png
1963,fb0c1dce679942bfee2fcf566194ff704f16f813.png
1964,fb4e2b6a8c784fcde2377b4c610e811f4cdd601d.png
1965,fb5eff2f847e82506e36e0f46469e07e2117db88.png
1966,fb8a909b37acb8d887edf4b70008c84f6a135c3e.png
1967,fb8ba70374ee57cf3560ad75f646d06f1d99e443.png
1968,fb111bb79550087b1851efc42feca3075f3d92f3.png
1969,fbc6ed02d21a09fd53fca7d3d3677e8e4b68cfca.png
1970,fc1dacbe1572bffbd07c6d3816443bc272707ef4.png
1971,fc5b0b81ca673e73f9d1edd57803c80c89063053.png
1972,fc9ecfc3e5abc4d79cc747384b5965a877593f15.png
1973,fc84e9d498b4f471b55f094bb25684e3998f3bf8.png
1974,fc403a48801c5f6aadf30b60fdfdc50a3328d775.png
1975,fc888c4f29a8b42d0873da3158aa62c7b819cb07.png
1976,fc79508d0a0a25ca23874ae71a7e3db672ada135.png
1977,fc225766eef9aef0fccda67697ea5a32c4bb94ac.png
1978,fce8117e48892886f5e37035fa6b8c91cfcdae57.png
1979,fd1cf187487025c906d73700e89ad9bc91e174b6.png
1980,fd7d622206a23fb30bc062342d6a278abada885c.png
1981,fd19bd711c38eb71920918fe866cad35293dc9c4.png
1982,fd78e1ad1206bb4e5b69b798e266d6d0f29517d5.png
1983,fd7193b7796b9dcf8b942c32146d369a6008fa3d.png
1984,fdf03ad985f749b4abad268429cd3d0585760c5a.png
1985,fe0614da15fa314a526fbd8d23cd04233b4944e5.png
1986,fe5b43893c66405b9c2e5cb61ee8468d50dfe997.png
1987,fe41bff06723a5ac429f2e19e65df2050af813c4.png
1988,fe380e15d2ebe12be8dc0eba9ce3b6cf843876fd.png
1989,feafcb5ee04f464216e56d9fa8e48efdeab5c7f5.png
1990,fec7437e8b255f8ca2a1d6c91572d179a4ef35d3.png
1991,fed343f395a4c028ca21d02b2439f5cc4955b491.png
1992,fee1d1fbe0ef5676d202ffa488d97b2883ee6307.png
1993,feed49621047b9a5cd97a1f4f3b091c01b359fe2.png
1994,ff4d273ee767331feca176428336771c630d6b48.png
1995,ff648c70f81e78bd3030f8f8d0c3cde150c7a4ad.png
1996,ffa921bec26976d8907e734e956c365cc7885da1.png
1997,ffb63f4dfeb3abe41a08f13182420a9cdff36e2b.png
1998,ffb87aba3449f88f9bf76e9befc9c20c4371c1a5.png
1999,fffc96c79b6b2b3e1863a91d08c5f90335bd9cd5.png
